month,strategy,type,variant,params,total_trades,total_return_pct,profit_factor,sharpe_ratio,max_drawdown_pct,win_rate_pct,avg_trade_pct,avg_win_pct,avg_loss_pct,max_consecutive_losses,long_trades,short_trades,long_return_pct,short_return_pct,score,return_1w,return_1m,return_3m,return_6m,return_1y
2025-10,Aggressive Breakout,Breakout,v3,"{""lookback"": 6, ""volume_mult"": 1.0, ""atr_mult"": 0.7}",94,4426.46,50.303,0.788,15.85,33.0,24.6119,76.1433,-0.7448,13,46,48,2218.06,95.46,2.499,-7.0,4426.46,4426.46,4426.46,4426.46
2025-10,Aggressive Breakout,Breakout,v1,"{""lookback"": 8, ""volume_mult"": 1.2, ""atr_mult"": 0.8}",61,3715.67,57.01,0.778,15.85,37.7,37.6212,101.5593,-1.0782,5,31,30,2209.17,85.72,2.7989,-3.33,3715.67,3715.67,3715.67,3715.67
2025-10,Trend Pullback,Trend-Pullback,v3,"{""trend_ema"": 40, ""fast_ema"": 8, ""rsi_len"": 7, ""rsi_oversold"": 40, ""rsi_overbought"": 60, ""atr_mult"": 1.0}",94,64.13,2.614,0.788,16.9,30.9,0.854,4.4832,-0.7651,15,57,37,-8.16,88.43,0.122,-6.19,64.13,64.13,64.13,64.13
2025-10,Trend Pullback,Trend-Pullback,default,"{""trend_ema"": 50, ""fast_ema"": 9, ""rsi_len"": 7, ""rsi_oversold"": 35, ""rsi_overbought"": 65, ""atr_mult"": 1.5}",76,49.54,2.15,0.661,24.25,32.9,0.9524,5.4136,-1.2344,10,47,29,-7.26,79.64,0.0586,-3.32,49.54,49.54,49.54,49.54
2025-10,Trend Pullback,Trend-Pullback,v2,"{""trend_ema"": 50, ""fast_ema"": 9, ""rsi_len"": 7, ""rsi_oversold"": 35, ""rsi_overbought"": 65, ""atr_mult"": 1.5}",76,49.54,2.15,0.661,24.25,32.9,0.9524,5.4136,-1.2344,10,47,29,-7.26,79.64,0.0586,-3.32,49.54,49.54,49.54,49.54
2025-10,Aggressive Breakout,Breakout,default,"{""lookback"": 12, ""volume_mult"": 1.5, ""atr_mult"": 1.0}",22,39.56,6.355,0.708,8.46,36.4,1.84,6.005,-0.54,6,10,12,4.81,35.67,0.5322,-2.18,39.56,39.56,39.56,39.56
2025-10,Aggressive Breakout,Breakout,v2,"{""lookback"": 12, ""volume_mult"": 1.5, ""atr_mult"": 1.0}",22,39.56,6.355,0.708,8.46,36.4,1.84,6.005,-0.54,6,10,12,4.81,35.67,0.5322,-2.18,39.56,39.56,39.56,39.56
2025-10,RSI Momentum,Momentum,v1,"{""rsi_len"": 5, ""rsi_long_entry"": 55, ""rsi_short_entry"": 45, ""rsi_long_exit"": 80, ""rsi_short_exit"": 20, ""atr_mult"": 1.2}",99,36.37,1.986,0.464,25.61,25.3,0.6029,4.8091,-0.8181,14,64,35,-18.94,78.63,0.036,-7.2,36.37,36.37,36.37,36.37
2025-10,VWAP Bounce,Mean-Reversion,v1,"{""vwap_len"": 14, ""vwap_mult"": 1.0, ""rsi_len"": 5, ""atr_mult"": 1.0}",52,30.43,2.556,0.862,7.28,34.6,0.5849,2.7758,-0.575,7,20,32,28.63,1.79,0.3029,4.05,30.43,30.43,30.43,30.43
2025-10,Trend Pullback,Trend-Pullback,v4,"{""trend_ema"": 20, ""fast_ema"": 5, ""rsi_len"": 5, ""rsi_oversold"": 30, ""rsi_overbought"": 70, ""atr_mult"": 0.8}",92,22.57,1.667,0.423,32.44,28.3,0.5523,4.8834,-1.154,8,51,41,-7.49,58.3,0.0217,-1.46,22.57,22.57,22.57,22.57
2025-10,Trend Pullback,Trend-Pullback,v1,"{""trend_ema"": 30, ""fast_ema"": 5, ""rsi_len"": 5, ""rsi_oversold"": 30, ""rsi_overbought"": 70, ""atr_mult"": 1.2}",86,18.17,1.554,0.381,40.12,30.2,0.5603,5.2003,-1.4503,8,47,39,1.46,46.73,0.0148,1.28,18.17,18.17,18.17,18.17
2025-10,Momentum Accel,Momentum,v4,"{""macd_fast"": 6, ""macd_slow"": 18, ""macd_sig"": 4, ""adx_len"": 8, ""adx_thresh"": 15, ""atr_mult"": 0.8}",122,14.17,1.435,0.355,39.85,26.2,0.4064,5.1086,-1.2655,9,67,55,-16.93,66.52,0.0128,-7.04,14.17,14.17,14.17,14.17
2025-10,Ensemble Vote,Ensemble,v3,"{""ema_fast"": 5, ""ema_slow"": 13, ""rsi_len"": 5, ""macd_fast"": 8, ""macd_slow"": 17, ""stoch_len"": 9, ""bb_len"": 15, ""min_votes"": 4, ""atr_mult"": 1.5}",76,14.09,1.641,0.315,29.4,25.0,0.5319,5.4454,-1.106,7,44,32,-31.47,71.89,0.0176,-10.22,14.09,14.09,14.09,14.09
2025-12,VWAP Bounce,Mean-Reversion,default,"{""vwap_len"": 20, ""vwap_mult"": 1.5, ""rsi_len"": 7, ""atr_mult"": 1.3}",28,11.08,2.351,0.741,3.62,39.3,0.4318,1.9127,-0.5264,4,10,18,14.47,-2.38,0.4815,-2.54,11.08,11.08,11.08,11.08
2025-12,VWAP Bounce,Mean-Reversion,v2,"{""vwap_len"": 20, ""vwap_mult"": 1.5, ""rsi_len"": 7, ""atr_mult"": 1.3}",28,11.08,2.351,0.741,3.62,39.3,0.4318,1.9127,-0.5264,4,10,18,14.47,-2.38,0.4815,-2.54,11.08,11.08,11.08,11.08
2025-10,VWAP Bounce,Mean-Reversion,default,"{""vwap_len"": 20, ""vwap_mult"": 1.5, ""rsi_len"": 7, ""atr_mult"": 1.3}",25,9.68,2.524,0.582,5.2,44.0,0.4036,1.519,-0.4728,4,12,13,9.36,0.73,0.2826,2.38,9.68,9.68,9.68,9.68
2025-10,VWAP Bounce,Mean-Reversion,v2,"{""vwap_len"": 20, ""vwap_mult"": 1.5, ""rsi_len"": 7, ""atr_mult"": 1.3}",25,9.68,2.524,0.582,5.2,44.0,0.4036,1.519,-0.4728,4,12,13,9.36,0.73,0.2826,2.38,9.68,9.68,9.68,9.68
2025-12,VWAP Bounce,Mean-Reversion,v1,"{""vwap_len"": 14, ""vwap_mult"": 1.0, ""rsi_len"": 5, ""atr_mult"": 1.0}",45,8.9,1.757,0.586,4.92,26.7,0.2233,1.943,-0.402,10,18,27,13.36,-3.31,0.2093,2.8,8.9,8.9,8.9,8.9
2025-09,VWAP Bounce,Mean-Reversion,default,"{""vwap_len"": 20, ""vwap_mult"": 1.5, ""rsi_len"": 7, ""atr_mult"": 1.3}",32,5.61,1.764,0.566,5.59,15.6,0.1948,2.8779,-0.3021,21,11,21,5.81,0.42,0.1785,-2.29,5.61,5.61,5.61,5.61
2025-09,VWAP Bounce,Mean-Reversion,v2,"{""vwap_len"": 20, ""vwap_mult"": 1.5, ""rsi_len"": 7, ""atr_mult"": 1.3}",32,5.61,1.764,0.566,5.59,15.6,0.1948,2.8779,-0.3021,21,11,21,5.81,0.42,0.1785,-2.29,5.61,5.61,5.61,5.61
2025-09,VWAP Bounce,Mean-Reversion,v1,"{""vwap_len"": 14, ""vwap_mult"": 1.0, ""rsi_len"": 5, ""atr_mult"": 1.0}",57,5.42,1.467,0.509,6.15,15.8,0.107,2.1283,-0.272,17,19,38,7.88,-1.78,0.1214,-1.64,5.42,5.42,5.42,5.42
2025-09,Momentum Accel,Momentum,v4,"{""macd_fast"": 6, ""macd_slow"": 18, ""macd_sig"": 4, ""adx_len"": 8, ""adx_thresh"": 15, ""atr_mult"": 0.8}",119,5.31,1.181,0.273,21.23,24.4,0.055,1.4708,-0.4013,18,64,55,-3.68,10.22,0.0152,-2.86,5.31,5.31,5.31,5.31
2025-10,RSI Momentum,Momentum,v3,"{""rsi_len"": 7, ""rsi_long_entry"": 52, ""rsi_short_entry"": 48, ""rsi_long_exit"": 70, ""rsi_short_exit"": 30, ""atr_mult"": 1.0}",97,3.96,1.215,0.191,24.18,23.7,0.1266,3.0168,-0.7717,13,64,33,-29.9,42.18,0.0096,-13.14,3.96,3.96,3.96,3.96
2025-09,Trend Pullback,Trend-Pullback,v4,"{""trend_ema"": 20, ""fast_ema"": 5, ""rsi_len"": 5, ""rsi_oversold"": 30, ""rsi_overbought"": 70, ""atr_mult"": 0.8}",60,2.26,1.226,0.202,4.74,20.0,0.0468,1.2675,-0.2584,14,37,23,-8.04,10.85,0.0523,-0.98,2.26,2.26,2.26,2.26
2025-09,Momentum Accel,Momentum,default,"{""macd_fast"": 8, ""macd_slow"": 21, ""macd_sig"": 5, ""adx_len"": 10, ""adx_thresh"": 20, ""atr_mult"": 1.3}",108,1.57,1.086,0.126,22.47,27.8,0.0326,1.4841,-0.5256,15,55,53,-7.37,10.9,0.0061,-6.41,1.57,1.57,1.57,1.57
2025-09,Momentum Accel,Momentum,v2,"{""macd_fast"": 8, ""macd_slow"": 21, ""macd_sig"": 5, ""adx_len"": 10, ""adx_thresh"": 20, ""atr_mult"": 1.3}",108,1.57,1.086,0.126,22.47,27.8,0.0326,1.4841,-0.5256,15,55,53,-7.37,10.9,0.0061,-6.41,1.57,1.57,1.57,1.57
2026-01,VWAP Bounce,Mean-Reversion,default,"{""vwap_len"": 20, ""vwap_mult"": 1.5, ""rsi_len"": 7, ""atr_mult"": 1.3}",27,1.3,1.203,0.215,4.41,29.6,0.0471,0.9431,-0.3302,12,18,9,1.89,-0.62,0.0585,2.35,1.3,1.3,1.3,1.3
2026-01,VWAP Bounce,Mean-Reversion,v2,"{""vwap_len"": 20, ""vwap_mult"": 1.5, ""rsi_len"": 7, ""atr_mult"": 1.3}",27,1.3,1.203,0.215,4.41,29.6,0.0471,0.9431,-0.3302,12,18,9,1.89,-0.62,0.0585,2.35,1.3,1.3,1.3,1.3
2026-02,BB Squeeze,Breakout,v3,"{""bb_len"": 10, ""bb_mult"": 2.0, ""kc_len"": 10, ""kc_mult"": 1.5, ""atr_mult"": 1.2}",9,0.35,1.214,0.37,0.68,55.6,0.0191,0.1954,-0.2013,2,5,4,-0.21,0.38,0.6595,0.35,0.35,0.35,0.35,0.35
2025-11,BB Squeeze,Breakout,v1,"{""bb_len"": 15, ""bb_mult"": 1.5, ""kc_len"": 15, ""kc_mult"": 1.0, ""atr_mult"": 1.5}",8,0.22,1.149,0.09,0.93,25.0,0.0312,0.9656,-0.2802,5,3,5,-1.03,1.28,0.1114,0.0,0.22,0.22,0.22,0.22
2025-11,BB Squeeze,Breakout,default,"{""bb_len"": 20, ""bb_mult"": 2.0, ""kc_len"": 20, ""kc_mult"": 1.5, ""atr_mult"": 1.8}",6,0.21,1.154,0.087,0.76,16.7,0.0406,1.8257,-0.3164,4,3,3,-1.13,1.38,0.1327,0.0,0.21,0.21,0.21,0.21
2025-11,BB Squeeze,Breakout,v2,"{""bb_len"": 20, ""bb_mult"": 2.0, ""kc_len"": 20, ""kc_mult"": 1.5, ""atr_mult"": 1.8}",6,0.21,1.154,0.087,0.76,16.7,0.0406,1.8257,-0.3164,4,3,3,-1.13,1.38,0.1327,0.0,0.21,0.21,0.21,0.21
2026-02,BB Squeeze,Breakout,v1,"{""bb_len"": 15, ""bb_mult"": 1.5, ""kc_len"": 15, ""kc_mult"": 1.0, ""atr_mult"": 1.5}",3,0.08,1.172,0.135,0.45,66.7,0.0273,0.2787,-0.4755,1,2,1,-0.03,0.11,0.3494,0.0,0.08,0.08,0.08,0.08
2026-01,BB Squeeze,Breakout,default,"{""bb_len"": 20, ""bb_mult"": 2.0, ""kc_len"": 20, ""kc_mult"": 1.5, ""atr_mult"": 1.8}",4,-0.04,0.961,-0.022,0.86,25.0,-0.0093,0.9105,-0.3159,2,2,2,0.69,-0.73,-0.0249,-0.21,-0.04,-0.04,-0.04,-0.04
2026-01,BB Squeeze,Breakout,v2,"{""bb_len"": 20, ""bb_mult"": 2.0, ""kc_len"": 20, ""kc_mult"": 1.5, ""atr_mult"": 1.8}",4,-0.04,0.961,-0.022,0.86,25.0,-0.0093,0.9105,-0.3159,2,2,2,0.69,-0.73,-0.0249,-0.21,-0.04,-0.04,-0.04,-0.04
2026-01,Aggressive Breakout,Breakout,default,"{""lookback"": 12, ""volume_mult"": 1.5, ""atr_mult"": 1.0}",20,-0.23,0.958,-0.038,3.27,15.0,-0.0094,1.4342,-0.2641,13,10,10,0.59,-0.78,-0.0111,0.22,-0.23,-0.23,-0.23,-0.23
2026-01,Aggressive Breakout,Breakout,v2,"{""lookback"": 12, ""volume_mult"": 1.5, ""atr_mult"": 1.0}",20,-0.23,0.958,-0.038,3.27,15.0,-0.0094,1.4342,-0.2641,13,10,10,0.59,-0.78,-0.0111,0.22,-0.23,-0.23,-0.23,-0.23
2025-11,BB Squeeze,Breakout,v3,"{""bb_len"": 10, ""bb_mult"": 2.0, ""kc_len"": 10, ""kc_mult"": 1.5, ""atr_mult"": 1.2}",11,-0.34,0.867,-0.117,2.26,27.3,-0.0307,0.7309,-0.3163,5,5,6,-1.29,0.95,-0.0449,0.0,-0.34,-0.34,-0.34,-0.34
2025-09,Trend Pullback,Trend-Pullback,v1,"{""trend_ema"": 30, ""fast_ema"": 5, ""rsi_len"": 5, ""rsi_oversold"": 30, ""rsi_overbought"": 70, ""atr_mult"": 1.2}",68,-0.38,1.004,0.004,6.48,17.6,0.0007,1.2018,-0.2566,10,42,26,-8.61,8.66,0.0006,-2.77,-0.38,-0.38,-0.38,-0.38
2026-02,Aggressive Breakout,Breakout,v4,"{""lookback"": 16, ""volume_mult"": 2.0, ""atr_mult"": 1.2}",3,-0.51,0.166,-0.761,0.65,33.3,-0.1802,0.1076,-0.3242,2,1,2,-0.43,-0.11,-0.1952,-0.62,-0.51,-0.51,-0.51,-0.51
2026-01,BB Squeeze,Breakout,v1,"{""bb_len"": 15, ""bb_mult"": 1.5, ""kc_len"": 15, ""kc_mult"": 1.0, ""atr_mult"": 1.5}",6,-0.52,0.628,-0.32,0.98,16.7,-0.0899,0.9105,-0.2899,3,4,2,0.3,-0.84,-0.2045,-0.4,-0.52,-0.52,-0.52,-0.52
2025-09,Ensemble Vote,Ensemble,v3,"{""ema_fast"": 5, ""ema_slow"": 13, ""rsi_len"": 5, ""macd_fast"": 8, ""macd_slow"": 17, ""stoch_len"": 9, ""bb_len"": 15, ""min_votes"": 4, ""atr_mult"": 1.5}",81,-0.54,1.054,0.015,14.13,13.6,0.018,2.6071,-0.3888,29,44,37,-11.85,13.3,0.0011,-6.52,-0.54,-0.54,-0.54,-0.54
2025-12,BB Squeeze,Breakout,v1,"{""bb_len"": 15, ""bb_mult"": 1.5, ""kc_len"": 15, ""kc_mult"": 1.0, ""atr_mult"": 1.5}",3,-0.54,0.0,-0.803,0.55,0.0,-0.191,0.0,-0.191,3,1,2,-0.23,-0.34,-0.0,0.0,-0.54,-0.54,-0.54,-0.54
2025-12,BB Squeeze,Breakout,default,"{""bb_len"": 20, ""bb_mult"": 2.0, ""kc_len"": 20, ""kc_mult"": 1.5, ""atr_mult"": 1.8}",5,-0.56,0.213,-0.686,0.6,20.0,-0.1173,0.1589,-0.1863,3,2,3,-0.03,-0.55,-0.2425,0.0,-0.56,-0.56,-0.56,-0.56
2025-12,BB Squeeze,Breakout,v2,"{""bb_len"": 20, ""bb_mult"": 2.0, ""kc_len"": 20, ""kc_mult"": 1.5, ""atr_mult"": 1.8}",5,-0.56,0.213,-0.686,0.6,20.0,-0.1173,0.1589,-0.1863,3,2,3,-0.03,-0.55,-0.2425,0.0,-0.56,-0.56,-0.56,-0.56
2025-12,Aggressive Breakout,Breakout,v4,"{""lookback"": 16, ""volume_mult"": 2.0, ""atr_mult"": 1.2}",5,-0.84,0.191,-0.877,0.84,40.0,-0.1775,0.1044,-0.3654,2,5,0,-0.89,0.0,-0.1985,-0.36,-0.84,-0.84,-0.84,-0.84
2025-09,VWAP Bounce,Mean-Reversion,v3,"{""vwap_len"": 10, ""vwap_mult"": 2.0, ""rsi_len"": 7, ""atr_mult"": 1.5}",3,-0.96,0.0,-0.936,0.96,0.0,-0.3371,0.0,-0.3371,3,1,2,-0.11,-0.9,-0.0,-0.73,-0.96,-0.96,-0.96,-0.96
2025-09,BB Squeeze,Breakout,default,"{""bb_len"": 20, ""bb_mult"": 2.0, ""kc_len"": 20, ""kc_mult"": 1.5, ""atr_mult"": 1.8}",4,-1.07,0.0,-1.384,1.07,0.0,-0.2832,0.0,-0.2832,4,1,3,-0.22,-0.91,-0.0,0.0,-1.07,-1.07,-1.07,-1.07
2025-09,BB Squeeze,Breakout,v2,"{""bb_len"": 20, ""bb_mult"": 2.0, ""kc_len"": 20, ""kc_mult"": 1.5, ""atr_mult"": 1.8}",4,-1.07,0.0,-1.384,1.07,0.0,-0.2832,0.0,-0.2832,4,1,3,-0.22,-0.91,-0.0,0.0,-1.07,-1.07,-1.07,-1.07
2026-01,Aggressive Breakout,Breakout,v4,"{""lookback"": 16, ""volume_mult"": 2.0, ""atr_mult"": 1.2}",6,-1.51,0.0,-1.725,1.51,0.0,-0.2663,0.0,-0.2663,6,3,3,-0.91,-0.69,-0.0,-0.3,-1.51,-1.51,-1.51,-1.51
2026-01,VWAP Bounce,Mean-Reversion,v1,"{""vwap_len"": 14, ""vwap_mult"": 1.0, ""rsi_len"": 5, ""atr_mult"": 1.0}",53,-1.57,0.834,-0.224,7.13,24.5,-0.0331,0.6762,-0.2636,14,32,21,0.81,-2.57,-0.0262,2.04,-1.57,-1.57,-1.57,-1.57
2025-09,RSI Momentum,Momentum,v3,"{""rsi_len"": 7, ""rsi_long_entry"": 52, ""rsi_short_entry"": 48, ""rsi_long_exit"": 70, ""rsi_short_exit"": 30, ""atr_mult"": 1.0}",84,-1.89,0.95,-0.095,9.81,22.6,-0.016,1.327,-0.4085,19,57,27,-6.02,4.68,-0.0092,-3.5,-1.89,-1.89,-1.89,-1.89
2026-02,Aggressive Breakout,Breakout,default,"{""lookback"": 12, ""volume_mult"": 1.5, ""atr_mult"": 1.0}",9,-1.95,0.062,-1.843,2.05,22.2,-0.2294,0.0682,-0.3145,4,3,6,-0.74,-1.33,-0.0557,-1.52,-1.95,-1.95,-1.95,-1.95
2026-02,Aggressive Breakout,Breakout,v2,"{""lookback"": 12, ""volume_mult"": 1.5, ""atr_mult"": 1.0}",9,-1.95,0.062,-1.843,2.05,22.2,-0.2294,0.0682,-0.3145,4,3,6,-0.74,-1.33,-0.0557,-1.52,-1.95,-1.95,-1.95,-1.95
2026-01,BB Squeeze,Breakout,v3,"{""bb_len"": 10, ""bb_mult"": 2.0, ""kc_len"": 10, ""kc_mult"": 1.5, ""atr_mult"": 1.2}",17,-2.04,0.376,-0.986,2.04,17.6,-0.1268,0.4324,-0.2466,6,10,7,-0.36,-1.8,-0.1819,-0.69,-2.04,-2.04,-2.04,-2.04
2025-11,Aggressive Breakout,Breakout,v4,"{""lookback"": 16, ""volume_mult"": 2.0, ""atr_mult"": 1.2}",5,-2.05,0.462,-0.499,3.72,20.0,-0.4254,1.8257,-0.9881,4,0,5,0.0,-2.13,-0.062,-0.15,-2.05,-2.05,-2.05,-2.05
2025-09,Momentum Accel,Momentum,v1,"{""macd_fast"": 5, ""macd_slow"": 15, ""macd_sig"": 3, ""adx_len"": 7, ""adx_thresh"": 18, ""atr_mult"": 1.0}",130,-2.07,0.975,-0.023,23.66,24.6,-0.0083,1.3067,-0.4377,18,72,58,-6.13,5.05,-0.001,-2.97,-2.07,-2.07,-2.07,-2.07
2025-10,BB Squeeze,Breakout,v3,"{""bb_len"": 10, ""bb_mult"": 2.0, ""kc_len"": 10, ""kc_mult"": 1.5, ""atr_mult"": 1.2}",10,-2.33,0.197,-1.077,2.92,20.0,-0.2476,0.303,-0.3853,6,4,6,-1.38,-1.1,-0.0725,-0.33,-2.33,-2.33,-2.33,-2.33
2025-09,BB Squeeze,Breakout,v1,"{""bb_len"": 15, ""bb_mult"": 1.5, ""kc_len"": 15, ""kc_mult"": 1.0, ""atr_mult"": 1.5}",5,-2.62,0.0,-1.158,2.62,0.0,-0.5564,0.0,-0.5564,5,2,3,-1.73,-1.05,-0.0,0.0,-2.62,-2.62,-2.62,-2.62
2025-09,Trend Pullback,Trend-Pullback,v3,"{""trend_ema"": 40, ""fast_ema"": 8, ""rsi_len"": 7, ""rsi_oversold"": 40, ""rsi_overbought"": 60, ""atr_mult"": 1.0}",69,-2.8,0.876,-0.18,12.38,15.9,-0.0347,1.5335,-0.3321,30,39,30,-0.05,-2.35,-0.0127,-5.7,-2.8,-2.8,-2.8,-2.8
2025-11,VWAP Bounce,Mean-Reversion,default,"{""vwap_len"": 20, ""vwap_mult"": 1.5, ""rsi_len"": 7, ""atr_mult"": 1.3}",27,-2.92,0.538,-0.698,5.55,14.8,-0.1136,0.8944,-0.2889,16,12,15,0.34,-3.41,-0.0677,-0.89,-2.92,-2.92,-2.92,-2.92
2025-11,VWAP Bounce,Mean-Reversion,v2,"{""vwap_len"": 20, ""vwap_mult"": 1.5, ""rsi_len"": 7, ""atr_mult"": 1.3}",27,-2.92,0.538,-0.698,5.55,14.8,-0.1136,0.8944,-0.2889,16,12,15,0.34,-3.41,-0.0677,-0.89,-2.92,-2.92,-2.92,-2.92
2025-11,Aggressive Breakout,Breakout,default,"{""lookback"": 12, ""volume_mult"": 1.5, ""atr_mult"": 1.0}",15,-3.06,0.515,-0.665,4.71,20.0,-0.2137,1.1329,-0.5504,6,4,11,-0.7,-2.5,-0.0726,-1.0,-3.06,-3.06,-3.06,-3.06
2025-11,Aggressive Breakout,Breakout,v2,"{""lookback"": 12, ""volume_mult"": 1.5, ""atr_mult"": 1.0}",15,-3.06,0.515,-0.665,4.71,20.0,-0.2137,1.1329,-0.5504,6,4,11,-0.7,-2.5,-0.0726,-1.0,-3.06,-3.06,-3.06,-3.06
2025-10,Aggressive Breakout,Breakout,v4,"{""lookback"": 16, ""volume_mult"": 2.0, ""atr_mult"": 1.2}",7,-3.7,0.021,-1.184,4.03,14.3,-0.564,0.0865,-0.6724,5,1,6,-1.22,-2.73,-0.0063,-2.34,-3.7,-3.7,-3.7,-3.7
2025-09,Aggressive Breakout,Breakout,v4,"{""lookback"": 16, ""volume_mult"": 2.0, ""atr_mult"": 1.2}",4,-3.87,0.051,-1.047,3.87,25.0,-1.0306,0.2207,-1.4477,2,4,0,-4.12,0.0,-0.0137,0.0,-3.87,-3.87,-3.87,-3.87
2026-02,Trend Pullback,Trend-Pullback,v3,"{""trend_ema"": 40, ""fast_ema"": 8, ""rsi_len"": 7, ""rsi_oversold"": 40, ""rsi_overbought"": 60, ""atr_mult"": 1.0}",43,-3.87,0.533,-1.262,3.9,27.9,-0.1003,0.4096,-0.2976,14,16,27,-0.61,-3.7,-0.1724,-1.87,-3.87,-3.87,-3.87,-3.87
2025-09,BB Squeeze,Breakout,v3,"{""bb_len"": 10, ""bb_mult"": 2.0, ""kc_len"": 10, ""kc_mult"": 1.5, ""atr_mult"": 1.2}",16,-3.91,0.171,-1.465,4.7,12.5,-0.2618,0.4314,-0.3608,14,12,4,-3.4,-0.79,-0.0533,0.22,-3.91,-3.91,-3.91,-3.91
2026-02,VWAP Bounce,Mean-Reversion,v1,"{""vwap_len"": 14, ""vwap_mult"": 1.0, ""rsi_len"": 5, ""atr_mult"": 1.0}",22,-4.44,0.191,-2.896,4.67,18.2,-0.2168,0.2806,-0.3274,11,17,5,-2.56,-2.21,-0.1181,-2.14,-4.44,-4.44,-4.44,-4.44
2026-02,Trend Pullback,Trend-Pullback,default,"{""trend_ema"": 50, ""fast_ema"": 9, ""rsi_len"": 7, ""rsi_oversold"": 35, ""rsi_overbought"": 65, ""atr_mult"": 1.5}",36,-4.49,0.339,-2.375,4.49,22.2,-0.1339,0.3097,-0.2606,7,13,23,-1.82,-3.0,-0.1795,-2.68,-4.49,-4.49,-4.49,-4.49
2026-02,Trend Pullback,Trend-Pullback,v2,"{""trend_ema"": 50, ""fast_ema"": 9, ""rsi_len"": 7, ""rsi_oversold"": 35, ""rsi_overbought"": 65, ""atr_mult"": 1.5}",36,-4.49,0.339,-2.375,4.49,22.2,-0.1339,0.3097,-0.2606,7,13,23,-1.82,-3.0,-0.1795,-2.68,-4.49,-4.49,-4.49,-4.49
2026-02,Aggressive Breakout,Breakout,v1,"{""lookback"": 8, ""volume_mult"": 1.2, ""atr_mult"": 0.8}",19,-5.26,0.08,-2.378,5.35,15.8,-0.2977,0.1633,-0.3841,7,7,12,-3.08,-2.58,-0.0354,-3.79,-5.26,-5.26,-5.26,-5.26
2026-02,Momentum Accel,Momentum,v4,"{""macd_fast"": 6, ""macd_slow"": 18, ""macd_sig"": 4, ""adx_len"": 8, ""adx_thresh"": 15, ""atr_mult"": 0.8}",46,-5.73,0.569,-1.23,6.08,28.3,-0.1325,0.6176,-0.4279,8,24,22,-6.17,0.07,-0.115,-2.01,-5.73,-5.73,-5.73,-5.73
2026-02,VWAP Bounce,Mean-Reversion,default,"{""vwap_len"": 20, ""vwap_mult"": 1.5, ""rsi_len"": 7, ""atr_mult"": 1.3}",16,-5.88,0.049,-2.244,5.92,12.5,-0.3956,0.1632,-0.4754,10,11,5,-1.61,-4.72,-0.0186,-4.08,-5.88,-5.88,-5.88,-5.88
2026-02,VWAP Bounce,Mean-Reversion,v2,"{""vwap_len"": 20, ""vwap_mult"": 1.5, ""rsi_len"": 7, ""atr_mult"": 1.3}",16,-5.88,0.049,-2.244,5.92,12.5,-0.3956,0.1632,-0.4754,10,11,5,-1.61,-4.72,-0.0186,-4.08,-5.88,-5.88,-5.88,-5.88
2026-02,Ensemble Vote,Ensemble,v3,"{""ema_fast"": 5, ""ema_slow"": 13, ""rsi_len"": 5, ""macd_fast"": 8, ""macd_slow"": 17, ""stoch_len"": 9, ""bb_len"": 15, ""min_votes"": 4, ""atr_mult"": 1.5}",32,-5.93,0.461,-1.271,7.09,40.6,-0.1969,0.4138,-0.6147,6,20,12,-6.86,0.56,-0.0826,-3.12,-5.93,-5.93,-5.93,-5.93
2026-02,Ensemble Vote,Ensemble,v4,"{""ema_fast"": 9, ""ema_slow"": 21, ""rsi_len"": 7, ""macd_fast"": 12, ""macd_slow"": 26, ""stoch_len"": 14, ""bb_len"": 20, ""min_votes"": 2, ""atr_mult"": 1.0}",56,-6.31,0.65,-0.66,8.71,28.6,-0.1194,0.7767,-0.4778,6,26,30,-3.4,-3.28,-0.0493,-1.63,-6.31,-6.31,-6.31,-6.31
2026-02,Adaptive Regime,Adaptive,default,"{""adx_len"": 14, ""adx_trend_thresh"": 25, ""adx_range_thresh"": 18, ""ema_fast"": 9, ""ema_slow"": 21, ""bb_len"": 20, ""rsi_len"": 7, ""atr_mult"": 1.5}",27,-6.42,0.366,-0.586,10.33,37.0,-0.2563,0.4,-0.6424,4,8,19,-3.68,-3.24,-0.0208,-3.19,-6.42,-6.42,-6.42,-6.42
2026-02,Adaptive Regime,Adaptive,v2,"{""adx_len"": 14, ""adx_trend_thresh"": 25, ""adx_range_thresh"": 18, ""ema_fast"": 9, ""ema_slow"": 21, ""bb_len"": 20, ""rsi_len"": 7, ""atr_mult"": 1.5}",27,-6.42,0.366,-0.586,10.33,37.0,-0.2563,0.4,-0.6424,4,8,19,-3.68,-3.24,-0.0208,-3.19,-6.42,-6.42,-6.42,-6.42
2026-02,Scalp EMA,Trend-Scalp,v1,"{""fast"": 3, ""mid"": 8, ""slow"": 21, ""atr_mult"": 1.0}",40,-6.47,0.569,-0.715,8.55,30.0,-0.1713,0.7544,-0.568,6,16,24,-1.98,-4.87,-0.0476,-1.8,-6.47,-6.47,-6.47,-6.47
2026-02,Trend Pullback,Trend-Pullback,v4,"{""trend_ema"": 20, ""fast_ema"": 5, ""rsi_len"": 5, ""rsi_oversold"": 30, ""rsi_overbought"": 70, ""atr_mult"": 0.8}",43,-6.69,0.37,-2.152,6.73,16.3,-0.168,0.6066,-0.3186,16,13,30,-3.42,-3.8,-0.1184,-2.92,-6.69,-6.69,-6.69,-6.69
2026-02,Scalp EMA,Trend-Scalp,v3,"{""fast"": 5, ""mid"": 10, ""slow"": 25, ""atr_mult"": 0.8}",29,-6.75,0.335,-0.637,10.46,27.6,-0.2519,0.4601,-0.5231,8,12,17,-3.22,-4.08,-0.0204,-2.67,-6.75,-6.75,-6.75,-6.75
2026-02,RSI Momentum,Momentum,v1,"{""rsi_len"": 5, ""rsi_long_entry"": 55, ""rsi_short_entry"": 45, ""rsi_long_exit"": 80, ""rsi_short_exit"": 20, ""atr_mult"": 1.2}",48,-6.75,0.449,-1.923,6.75,22.9,-0.1515,0.5395,-0.3569,7,22,26,-5.35,-1.92,-0.1281,-3.41,-6.75,-6.75,-6.75,-6.75
2026-02,Momentum Accel,Momentum,v3,"{""macd_fast"": 12, ""macd_slow"": 26, ""macd_sig"": 9, ""adx_len"": 14, ""adx_thresh"": 22, ""atr_mult"": 1.5}",33,-6.77,0.518,-0.856,9.57,36.4,-0.2182,0.6444,-0.7112,4,18,15,-8.22,1.02,-0.0463,-4.38,-6.77,-6.77,-6.77,-6.77
2026-02,RSI Momentum,Momentum,v4,"{""rsi_len"": 10, ""rsi_long_entry"": 60, ""rsi_short_entry"": 40, ""rsi_long_exit"": 80, ""rsi_short_exit"": 20, ""atr_mult"": 1.5}",39,-6.78,0.453,-1.467,7.51,25.6,-0.1863,0.6012,-0.4578,7,19,20,-4.6,-2.67,-0.0885,-1.7,-6.78,-6.78,-6.78,-6.78
2025-09,Confluence,Multi-Indicator,v1,"{""ema_fast"": 5, ""ema_slow"": 15, ""rsi_len"": 7, ""stoch_len"": 7, ""atr_mult"": 1.2}",64,-6.99,0.721,-0.452,10.54,18.8,-0.1118,1.5428,-0.4936,14,32,32,-5.49,-1.66,-0.031,-6.08,-6.99,-6.99,-6.99,-6.99
2026-02,Scalp EMA,Trend-Scalp,v4,"{""fast"": 3, ""mid"": 5, ""slow"": 13, ""atr_mult"": 0.7}",49,-7.02,0.538,-0.769,8.55,22.4,-0.1536,0.7979,-0.4291,7,24,25,-8.07,0.54,-0.0484,-1.82,-7.02,-7.02,-7.02,-7.02
2025-09,Confluence,Multi-Indicator,default,"{""ema_fast"": 8, ""ema_slow"": 21, ""rsi_len"": 14, ""stoch_len"": 14, ""atr_mult"": 1.5}",84,-7.06,0.722,-0.322,14.07,25.0,-0.0868,0.9034,-0.4168,20,46,38,-7.18,-0.11,-0.0165,0.7,-7.06,-7.06,-7.06,-7.06
2025-09,Confluence,Multi-Indicator,v2,"{""ema_fast"": 8, ""ema_slow"": 21, ""rsi_len"": 14, ""stoch_len"": 14, ""atr_mult"": 1.5}",84,-7.06,0.722,-0.322,14.07,25.0,-0.0868,0.9034,-0.4168,20,46,38,-7.18,-0.11,-0.0165,0.7,-7.06,-7.06,-7.06,-7.06
2025-11,VWAP Bounce,Mean-Reversion,v1,"{""vwap_len"": 14, ""vwap_mult"": 1.0, ""rsi_len"": 5, ""atr_mult"": 1.0}",54,-7.12,0.43,-1.341,8.45,14.8,-0.1425,0.7255,-0.2934,37,24,30,0.84,-8.53,-0.0683,-0.69,-7.12,-7.12,-7.12,-7.12
2026-02,Adaptive Regime,Adaptive,v3,"{""adx_len"": 10, ""adx_trend_thresh"": 20, ""adx_range_thresh"": 15, ""ema_fast"": 8, ""ema_slow"": 21, ""bb_len"": 15, ""rsi_len"": 7, ""atr_mult"": 1.0}",36,-7.44,0.439,-0.861,11.12,27.8,-0.2229,0.6291,-0.5506,5,15,21,-4.87,-3.16,-0.034,-4.38,-7.44,-7.44,-7.44,-7.44
2025-09,Aggressive Breakout,Breakout,v1,"{""lookback"": 8, ""volume_mult"": 1.2, ""atr_mult"": 0.8}",44,-7.5,0.611,-0.444,11.64,20.5,-0.171,1.3129,-0.5525,11,22,22,-6.69,-0.83,-0.0233,-1.71,-7.5,-7.5,-7.5,-7.5
2026-02,Trend Pullback,Trend-Pullback,v1,"{""trend_ema"": 30, ""fast_ema"": 5, ""rsi_len"": 5, ""rsi_oversold"": 30, ""rsi_overbought"": 70, ""atr_mult"": 1.2}",42,-8.16,0.149,-4.491,8.2,19.0,-0.2128,0.196,-0.3089,13,14,28,-2.92,-6.01,-0.0818,-4.28,-8.16,-8.16,-8.16,-8.16
2026-02,Aggressive Breakout,Breakout,v3,"{""lookback"": 6, ""volume_mult"": 1.0, ""atr_mult"": 0.7}",33,-8.18,0.135,-3.322,8.28,12.1,-0.2712,0.3501,-0.3569,15,13,20,-5.41,-3.54,-0.0543,-6.23,-8.18,-8.18,-8.18,-8.18
2026-02,Momentum Accel,Momentum,v1,"{""macd_fast"": 5, ""macd_slow"": 15, ""macd_sig"": 3, ""adx_len"": 7, ""adx_thresh"": 18, ""atr_mult"": 1.0}",59,-8.36,0.519,-1.672,9.08,28.8,-0.1534,0.5755,-0.4484,8,28,31,-9.6,0.55,-0.0956,-5.55,-8.36,-8.36,-8.36,-8.36
2025-09,Aggressive Breakout,Breakout,default,"{""lookback"": 12, ""volume_mult"": 1.5, ""atr_mult"": 1.0}",22,-8.59,0.134,-1.945,8.59,13.6,-0.4261,0.482,-0.5695,7,12,10,-7.82,-1.55,-0.0302,-1.62,-8.59,-8.59,-8.59,-8.59
2025-09,Aggressive Breakout,Breakout,v2,"{""lookback"": 12, ""volume_mult"": 1.5, ""atr_mult"": 1.0}",22,-8.59,0.134,-1.945,8.59,13.6,-0.4261,0.482,-0.5695,7,12,10,-7.82,-1.55,-0.0302,-1.62,-8.59,-8.59,-8.59,-8.59
2026-02,RSI Momentum,Momentum,v3,"{""rsi_len"": 7, ""rsi_long_entry"": 52, ""rsi_short_entry"": 48, ""rsi_long_exit"": 70, ""rsi_short_exit"": 30, ""atr_mult"": 1.0}",32,-8.59,0.209,-2.486,9.3,25.0,-0.2935,0.3102,-0.4948,8,14,18,-4.16,-5.23,-0.0559,-5.89,-8.59,-8.59,-8.59,-8.59
2025-11,Confluence,Multi-Indicator,v1,"{""ema_fast"": 5, ""ema_slow"": 15, ""rsi_len"": 7, ""stoch_len"": 7, ""atr_mult"": 1.2}",57,-8.67,0.505,-1.108,13.13,21.1,-0.1643,0.7962,-0.4205,14,33,24,-3.34,-6.03,-0.0426,-4.06,-8.67,-8.67,-8.67,-8.67
2026-02,Adaptive Regime,Adaptive,v1,"{""adx_len"": 10, ""adx_trend_thresh"": 22, ""adx_range_thresh"": 15, ""ema_fast"": 5, ""ema_slow"": 15, ""bb_len"": 15, ""rsi_len"": 5, ""atr_mult"": 1.2}",39,-8.69,0.472,-0.938,11.12,25.6,-0.2458,0.8582,-0.6264,8,18,21,-7.56,-2.03,-0.0398,-4.0,-8.69,-8.69,-8.69,-8.69
2026-02,Ensemble Vote,Ensemble,v1,"{""ema_fast"": 5, ""ema_slow"": 15, ""rsi_len"": 5, ""macd_fast"": 8, ""macd_slow"": 21, ""stoch_len"": 7, ""bb_len"": 15, ""min_votes"": 3, ""atr_mult"": 1.0}",68,-8.87,0.576,-1.171,9.76,23.5,-0.1435,0.8269,-0.4421,9,33,35,-3.46,-6.3,-0.0691,-1.81,-8.87,-8.87,-8.87,-8.87
2026-02,Confluence,Multi-Indicator,v1,"{""ema_fast"": 5, ""ema_slow"": 15, ""rsi_len"": 7, ""stoch_len"": 7, ""atr_mult"": 1.2}",25,-8.88,0.273,-1.921,10.17,24.0,-0.3867,0.605,-0.6999,8,15,10,-8.07,-1.6,-0.0516,-5.59,-8.88,-8.88,-8.88,-8.88
2025-09,RSI Momentum,Momentum,v1,"{""rsi_len"": 5, ""rsi_long_entry"": 55, ""rsi_short_entry"": 45, ""rsi_long_exit"": 80, ""rsi_short_exit"": 20, ""atr_mult"": 1.2}",102,-9.04,0.688,-0.637,16.56,16.7,-0.0925,1.2261,-0.3562,39,58,44,-7.38,-2.06,-0.0265,-8.6,-9.04,-9.04,-9.04,-9.04
2025-12,Aggressive Breakout,Breakout,default,"{""lookback"": 12, ""volume_mult"": 1.5, ""atr_mult"": 1.0}",24,-9.08,0.094,-1.132,9.08,37.5,-0.4097,0.113,-0.7233,3,15,9,-1.97,-7.86,-0.0117,-1.39,-9.08,-9.08,-9.08,-9.08
2025-12,Aggressive Breakout,Breakout,v2,"{""lookback"": 12, ""volume_mult"": 1.5, ""atr_mult"": 1.0}",24,-9.08,0.094,-1.132,9.08,37.5,-0.4097,0.113,-0.7233,3,15,9,-1.97,-7.86,-0.0117,-1.39,-9.08,-9.08,-9.08,-9.08
2025-09,Adaptive Regime,Adaptive,v1,"{""adx_len"": 10, ""adx_trend_thresh"": 22, ""adx_range_thresh"": 15, ""ema_fast"": 5, ""ema_slow"": 15, ""bb_len"": 15, ""rsi_len"": 5, ""atr_mult"": 1.2}",63,-9.19,0.638,-0.292,26.14,25.4,-0.159,1.1053,-0.5894,7,36,27,-1.58,-8.44,-0.0071,-10.31,-9.19,-9.19,-9.19,-9.19
2025-09,Aggressive Breakout,Breakout,v3,"{""lookback"": 6, ""volume_mult"": 1.0, ""atr_mult"": 0.7}",70,-9.25,0.617,-0.572,13.34,20.0,-0.1362,1.0986,-0.4449,15,35,35,-5.52,-4.02,-0.0265,-2.29,-9.25,-9.25,-9.25,-9.25
2026-02,Momentum Accel,Momentum,default,"{""macd_fast"": 8, ""macd_slow"": 21, ""macd_sig"": 5, ""adx_len"": 10, ""adx_thresh"": 20, ""atr_mult"": 1.3}",44,-9.25,0.433,-1.739,9.25,31.8,-0.2279,0.5481,-0.5901,8,24,20,-9.7,-0.33,-0.0815,-5.08,-9.25,-9.25,-9.25,-9.25
2026-02,Momentum Accel,Momentum,v2,"{""macd_fast"": 8, ""macd_slow"": 21, ""macd_sig"": 5, ""adx_len"": 10, ""adx_thresh"": 20, ""atr_mult"": 1.3}",44,-9.25,0.433,-1.739,9.25,31.8,-0.2279,0.5481,-0.5901,8,24,20,-9.7,-0.33,-0.0815,-5.08,-9.25,-9.25,-9.25,-9.25
2026-01,Aggressive Breakout,Breakout,v1,"{""lookback"": 8, ""volume_mult"": 1.2, ""atr_mult"": 0.8}",45,-9.36,0.15,-1.023,10.02,17.8,-0.2288,0.2268,-0.3273,10,18,27,-6.21,-4.09,-0.0153,0.43,-9.36,-9.36,-9.36,-9.36
2025-12,BB Squeeze,Breakout,v3,"{""bb_len"": 10, ""bb_mult"": 2.0, ""kc_len"": 10, ""kc_mult"": 1.5, ""atr_mult"": 1.2}",18,-10.08,0.093,-0.988,10.08,16.7,-0.607,0.3737,-0.8032,7,10,8,-1.89,-9.03,-0.0091,-0.16,-10.08,-10.08,-10.08,-10.08
2026-02,Confluence,Multi-Indicator,default,"{""ema_fast"": 8, ""ema_slow"": 21, ""rsi_len"": 14, ""stoch_len"": 14, ""atr_mult"": 1.5}",31,-10.37,0.16,-2.7,10.37,19.4,-0.369,0.3642,-0.5449,8,13,18,-7.3,-4.13,-0.0418,-6.55,-10.37,-10.37,-10.37,-10.37
2026-02,Confluence,Multi-Indicator,v2,"{""ema_fast"": 8, ""ema_slow"": 21, ""rsi_len"": 14, ""stoch_len"": 14, ""atr_mult"": 1.5}",31,-10.37,0.16,-2.7,10.37,19.4,-0.369,0.3642,-0.5449,8,13,18,-7.3,-4.13,-0.0418,-6.55,-10.37,-10.37,-10.37,-10.37
2025-11,Aggressive Breakout,Breakout,v1,"{""lookback"": 8, ""volume_mult"": 1.2, ""atr_mult"": 0.8}",44,-10.63,0.251,-1.963,12.16,11.4,-0.2669,0.7874,-0.4021,15,19,25,-7.55,-4.2,-0.0405,-3.36,-10.63,-10.63,-10.63,-10.63
2026-01,Trend Pullback,Trend-Pullback,v3,"{""trend_ema"": 40, ""fast_ema"": 8, ""rsi_len"": 7, ""rsi_oversold"": 40, ""rsi_overbought"": 60, ""atr_mult"": 1.0}",95,-10.71,0.569,-0.915,14.28,12.6,-0.1214,1.269,-0.3225,16,27,68,-1.12,-10.42,-0.0365,-3.72,-10.71,-10.71,-10.71,-10.71
2026-02,Confluence,Multi-Indicator,v3,"{""ema_fast"": 10, ""ema_slow"": 30, ""rsi_len"": 14, ""stoch_len"": 21, ""atr_mult"": 2.0}",26,-10.74,0.035,-3.066,10.86,19.2,-0.4569,0.0874,-0.5865,12,10,16,-6.08,-5.8,-0.01,-6.62,-10.74,-10.74,-10.74,-10.74
2026-01,Confluence,Multi-Indicator,v1,"{""ema_fast"": 5, ""ema_slow"": 15, ""rsi_len"": 7, ""stoch_len"": 7, ""atr_mult"": 1.2}",90,-11.21,0.639,-0.781,13.3,21.1,-0.132,1.1066,-0.4635,13,41,49,-4.91,-6.97,-0.0375,-3.38,-11.21,-11.21,-11.21,-11.21
2025-11,Trend Pullback,Trend-Pullback,default,"{""trend_ema"": 50, ""fast_ema"": 9, ""rsi_len"": 7, ""rsi_oversold"": 35, ""rsi_overbought"": 65, ""atr_mult"": 1.5}",69,-11.43,0.396,-1.708,12.26,15.9,-0.1832,0.7524,-0.3607,30,31,38,-3.48,-9.16,-0.0551,-4.36,-11.43,-11.43,-11.43,-11.43
2025-11,Trend Pullback,Trend-Pullback,v2,"{""trend_ema"": 50, ""fast_ema"": 9, ""rsi_len"": 7, ""rsi_oversold"": 35, ""rsi_overbought"": 65, ""atr_mult"": 1.5}",69,-11.43,0.396,-1.708,12.26,15.9,-0.1832,0.7524,-0.3607,30,31,38,-3.48,-9.16,-0.0551,-4.36,-11.43,-11.43,-11.43,-11.43
2025-11,RSI Momentum,Momentum,v3,"{""rsi_len"": 7, ""rsi_long_entry"": 52, ""rsi_short_entry"": 48, ""rsi_long_exit"": 70, ""rsi_short_exit"": 30, ""atr_mult"": 1.0}",83,-11.75,0.493,-1.378,13.16,24.1,-0.1561,0.6289,-0.4053,19,41,42,-3.49,-9.47,-0.0516,-2.39,-11.75,-11.75,-11.75,-11.75
2026-02,Scalp EMA,Trend-Scalp,default,"{""fast"": 5, ""mid"": 13, ""slow"": 34, ""atr_mult"": 1.2}",23,-12.2,0.056,-1.248,12.73,13.0,-0.5921,0.2704,-0.7214,10,8,15,-4.18,-9.43,-0.0055,-5.85,-12.2,-12.2,-12.2,-12.2
2026-02,Scalp EMA,Trend-Scalp,v2,"{""fast"": 5, ""mid"": 13, ""slow"": 34, ""atr_mult"": 1.2}",23,-12.2,0.056,-1.248,12.73,13.0,-0.5921,0.2704,-0.7214,10,8,15,-4.18,-9.43,-0.0055,-5.85,-12.2,-12.2,-12.2,-12.2
2025-09,RSI Momentum,Momentum,default,"{""rsi_len"": 7, ""rsi_long_entry"": 55, ""rsi_short_entry"": 45, ""rsi_long_exit"": 75, ""rsi_short_exit"": 25, ""atr_mult"": 1.5}",102,-12.21,0.642,-0.819,14.92,22.5,-0.1285,1.0226,-0.4637,25,58,44,-8.43,-4.68,-0.0352,-4.67,-12.21,-12.21,-12.21,-12.21
2025-09,RSI Momentum,Momentum,v2,"{""rsi_len"": 7, ""rsi_long_entry"": 55, ""rsi_short_entry"": 45, ""rsi_long_exit"": 75, ""rsi_short_exit"": 25, ""atr_mult"": 1.5}",102,-12.21,0.642,-0.819,14.92,22.5,-0.1285,1.0226,-0.4637,25,58,44,-8.43,-4.68,-0.0352,-4.67,-12.21,-12.21,-12.21,-12.21
2026-01,Trend Pullback,Trend-Pullback,v1,"{""trend_ema"": 30, ""fast_ema"": 5, ""rsi_len"": 5, ""rsi_oversold"": 30, ""rsi_overbought"": 70, ""atr_mult"": 1.2}",85,-12.24,0.538,-0.942,15.75,15.3,-0.1563,1.1891,-0.3992,12,30,55,-5.17,-8.11,-0.0322,-4.6,-12.24,-12.24,-12.24,-12.24
2025-09,Scalp EMA,Trend-Scalp,v4,"{""fast"": 3, ""mid"": 5, ""slow"": 13, ""atr_mult"": 0.7}",99,-12.31,0.616,-0.444,29.21,21.2,-0.1377,1.0429,-0.4556,12,56,43,-3.48,-10.15,-0.0094,-9.06,-12.31,-12.31,-12.31,-12.31
2026-02,Ensemble Vote,Ensemble,default,"{""ema_fast"": 9, ""ema_slow"": 21, ""rsi_len"": 7, ""macd_fast"": 12, ""macd_slow"": 26, ""stoch_len"": 14, ""bb_len"": 20, ""min_votes"": 3, ""atr_mult"": 1.3}",65,-12.61,0.419,-1.851,12.61,30.8,-0.2158,0.5058,-0.5366,8,29,36,-7.21,-6.82,-0.0615,-5.69,-12.61,-12.61,-12.61,-12.61
2026-02,Ensemble Vote,Ensemble,v2,"{""ema_fast"": 9, ""ema_slow"": 21, ""rsi_len"": 7, ""macd_fast"": 12, ""macd_slow"": 26, ""stoch_len"": 14, ""bb_len"": 20, ""min_votes"": 3, ""atr_mult"": 1.3}",65,-12.61,0.419,-1.851,12.61,30.8,-0.2158,0.5058,-0.5366,8,29,36,-7.21,-6.82,-0.0615,-5.69,-12.61,-12.61,-12.61,-12.61
2026-01,RSI Momentum,Momentum,v4,"{""rsi_len"": 10, ""rsi_long_entry"": 60, ""rsi_short_entry"": 40, ""rsi_long_exit"": 80, ""rsi_short_exit"": 20, ""atr_mult"": 1.5}",117,-12.79,0.6,-0.911,13.08,18.8,-0.1186,0.9455,-0.3651,11,47,70,-7.06,-6.82,-0.0418,-4.08,-12.79,-12.79,-12.79,-12.79
2026-02,RSI Momentum,Momentum,default,"{""rsi_len"": 7, ""rsi_long_entry"": 55, ""rsi_short_entry"": 45, ""rsi_long_exit"": 75, ""rsi_short_exit"": 25, ""atr_mult"": 1.5}",34,-13.19,0.12,-3.164,13.87,20.6,-0.4342,0.2878,-0.6214,10,18,16,-7.67,-7.09,-0.0274,-9.66,-13.19,-13.19,-13.19,-13.19
2026-02,RSI Momentum,Momentum,v2,"{""rsi_len"": 7, ""rsi_long_entry"": 55, ""rsi_short_entry"": 45, ""rsi_long_exit"": 75, ""rsi_short_exit"": 25, ""atr_mult"": 1.5}",34,-13.19,0.12,-3.164,13.87,20.6,-0.4342,0.2878,-0.6214,10,18,16,-7.67,-7.09,-0.0274,-9.66,-13.19,-13.19,-13.19,-13.19
2025-11,RSI Momentum,Momentum,default,"{""rsi_len"": 7, ""rsi_long_entry"": 55, ""rsi_short_entry"": 45, ""rsi_long_exit"": 75, ""rsi_short_exit"": 25, ""atr_mult"": 1.5}",98,-14.07,0.525,-1.398,19.0,21.4,-0.1588,0.8187,-0.4253,25,50,48,-2.44,-13.12,-0.0386,-4.44,-14.07,-14.07,-14.07,-14.07
2025-11,RSI Momentum,Momentum,v2,"{""rsi_len"": 7, ""rsi_long_entry"": 55, ""rsi_short_entry"": 45, ""rsi_long_exit"": 75, ""rsi_short_exit"": 25, ""atr_mult"": 1.5}",98,-14.07,0.525,-1.398,19.0,21.4,-0.1588,0.8187,-0.4253,25,50,48,-2.44,-13.12,-0.0386,-4.44,-14.07,-14.07,-14.07,-14.07
2026-01,Trend Pullback,Trend-Pullback,default,"{""trend_ema"": 50, ""fast_ema"": 9, ""rsi_len"": 7, ""rsi_oversold"": 35, ""rsi_overbought"": 65, ""atr_mult"": 1.5}",77,-14.34,0.338,-1.769,14.56,13.0,-0.2089,0.8227,-0.3629,22,22,55,-0.2,-15.89,-0.0411,-4.85,-14.34,-14.34,-14.34,-14.34
2026-01,Trend Pullback,Trend-Pullback,v2,"{""trend_ema"": 50, ""fast_ema"": 9, ""rsi_len"": 7, ""rsi_oversold"": 35, ""rsi_overbought"": 65, ""atr_mult"": 1.5}",77,-14.34,0.338,-1.769,14.56,13.0,-0.2089,0.8227,-0.3629,22,22,55,-0.2,-15.89,-0.0411,-4.85,-14.34,-14.34,-14.34,-14.34
2025-11,Adaptive Regime,Adaptive,v1,"{""adx_len"": 10, ""adx_trend_thresh"": 22, ""adx_range_thresh"": 15, ""ema_fast"": 5, ""ema_slow"": 15, ""bb_len"": 15, ""rsi_len"": 5, ""atr_mult"": 1.2}",70,-14.7,0.476,-0.873,22.24,22.9,-0.2334,0.9274,-0.5774,13,39,31,-5.17,-11.17,-0.0187,-8.89,-14.7,-14.7,-14.7,-14.7
2025-12,Aggressive Breakout,Breakout,v3,"{""lookback"": 6, ""volume_mult"": 1.0, ""atr_mult"": 0.7}",73,-14.97,0.413,-1.001,17.37,23.3,-0.2277,0.6893,-0.5062,13,40,33,-4.38,-12.25,-0.0238,-2.72,-14.97,-14.97,-14.97,-14.97
2025-12,Aggressive Breakout,Breakout,v1,"{""lookback"": 8, ""volume_mult"": 1.2, ""atr_mult"": 0.8}",47,-15.09,0.271,-1.259,16.37,36.2,-0.3572,0.3673,-0.7678,6,28,19,-7.6,-9.19,-0.0209,-4.44,-15.09,-15.09,-15.09,-15.09
2025-09,Adaptive Regime,Adaptive,v3,"{""adx_len"": 10, ""adx_trend_thresh"": 20, ""adx_range_thresh"": 15, ""ema_fast"": 8, ""ema_slow"": 21, ""bb_len"": 15, ""rsi_len"": 7, ""atr_mult"": 1.0}",62,-15.85,0.476,-0.631,25.96,24.2,-0.287,1.0789,-0.723,8,40,22,-3.04,-14.75,-0.0116,-8.94,-15.85,-15.85,-15.85,-15.85
2025-09,Momentum Accel,Momentum,v3,"{""macd_fast"": 12, ""macd_slow"": 26, ""macd_sig"": 9, ""adx_len"": 14, ""adx_thresh"": 22, ""atr_mult"": 1.5}",79,-15.96,0.588,-0.69,26.3,20.3,-0.2183,1.5365,-0.6639,22,46,33,-9.64,-7.6,-0.0154,-6.36,-15.96,-15.96,-15.96,-15.96
2025-11,Aggressive Breakout,Breakout,v3,"{""lookback"": 6, ""volume_mult"": 1.0, ""atr_mult"": 0.7}",70,-16.04,0.254,-2.461,18.69,8.6,-0.2607,1.0372,-0.3824,22,29,41,-9.92,-8.33,-0.0335,-5.49,-16.04,-16.04,-16.04,-16.04
2025-12,Confluence,Multi-Indicator,v1,"{""ema_fast"": 5, ""ema_slow"": 15, ""rsi_len"": 7, ""stoch_len"": 7, ""atr_mult"": 1.2}",80,-16.08,0.597,-0.548,20.6,15.0,-0.2086,2.0619,-0.6092,13,43,37,3.39,-20.08,-0.0159,-10.85,-16.08,-16.08,-16.08,-16.08
2025-11,Ensemble Vote,Ensemble,v3,"{""ema_fast"": 5, ""ema_slow"": 13, ""rsi_len"": 5, ""macd_fast"": 8, ""macd_slow"": 17, ""stoch_len"": 9, ""bb_len"": 15, ""min_votes"": 4, ""atr_mult"": 1.5}",75,-16.41,0.303,-1.553,19.09,18.7,-0.2514,0.5863,-0.4437,20,37,38,-14.12,-4.74,-0.0247,-5.42,-16.41,-16.41,-16.41,-16.41
2025-11,Adaptive Regime,Adaptive,default,"{""adx_len"": 14, ""adx_trend_thresh"": 25, ""adx_range_thresh"": 18, ""ema_fast"": 9, ""ema_slow"": 21, ""bb_len"": 20, ""rsi_len"": 7, ""atr_mult"": 1.5}",57,-16.67,0.246,-0.986,19.73,19.3,-0.3331,0.563,-0.5474,11,27,30,-6.86,-12.13,-0.0123,-6.15,-16.67,-16.67,-16.67,-16.67
2025-11,Adaptive Regime,Adaptive,v2,"{""adx_len"": 14, ""adx_trend_thresh"": 25, ""adx_range_thresh"": 18, ""ema_fast"": 9, ""ema_slow"": 21, ""bb_len"": 20, ""rsi_len"": 7, ""atr_mult"": 1.5}",57,-16.67,0.246,-0.986,19.73,19.3,-0.3331,0.563,-0.5474,11,27,30,-6.86,-12.13,-0.0123,-6.15,-16.67,-16.67,-16.67,-16.67
2025-11,Trend Pullback,Trend-Pullback,v3,"{""trend_ema"": 40, ""fast_ema"": 8, ""rsi_len"": 7, ""rsi_oversold"": 40, ""rsi_overbought"": 60, ""atr_mult"": 1.0}",79,-16.71,0.273,-2.393,16.71,13.9,-0.2417,0.6515,-0.3862,38,37,42,-9.05,-10.05,-0.0391,-4.7,-16.71,-16.71,-16.71,-16.71
2025-09,Confluence,Multi-Indicator,v3,"{""ema_fast"": 10, ""ema_slow"": 30, ""rsi_len"": 14, ""stoch_len"": 21, ""atr_mult"": 2.0}",70,-16.87,0.442,-0.995,19.15,25.7,-0.2671,0.8244,-0.645,19,38,32,-7.4,-11.3,-0.023,0.05,-16.87,-16.87,-16.87,-16.87
2025-09,Trend Pullback,Trend-Pullback,default,"{""trend_ema"": 50, ""fast_ema"": 9, ""rsi_len"": 7, ""rsi_oversold"": 35, ""rsi_overbought"": 65, ""atr_mult"": 1.5}",59,-16.95,0.195,-1.668,17.14,16.9,-0.3253,0.4664,-0.4869,21,34,25,-3.23,-15.97,-0.019,-6.44,-16.95,-16.95,-16.95,-16.95
2025-09,Trend Pullback,Trend-Pullback,v2,"{""trend_ema"": 50, ""fast_ema"": 9, ""rsi_len"": 7, ""rsi_oversold"": 35, ""rsi_overbought"": 65, ""atr_mult"": 1.5}",59,-16.95,0.195,-1.668,17.14,16.9,-0.3253,0.4664,-0.4869,21,34,25,-3.23,-15.97,-0.019,-6.44,-16.95,-16.95,-16.95,-16.95
2025-11,Trend Pullback,Trend-Pullback,v1,"{""trend_ema"": 30, ""fast_ema"": 5, ""rsi_len"": 5, ""rsi_oversold"": 30, ""rsi_overbought"": 70, ""atr_mult"": 1.2}",81,-17.0,0.268,-2.314,17.09,13.6,-0.24,0.6469,-0.3793,27,42,39,-9.1,-10.33,-0.0363,-5.53,-17.0,-17.0,-17.0,-17.0
2025-11,Trend Pullback,Trend-Pullback,v4,"{""trend_ema"": 20, ""fast_ema"": 5, ""rsi_len"": 5, ""rsi_oversold"": 30, ""rsi_overbought"": 70, ""atr_mult"": 0.8}",79,-17.25,0.182,-2.947,17.25,11.4,-0.2534,0.4953,-0.3496,28,41,38,-10.2,-9.82,-0.0311,-5.1,-17.25,-17.25,-17.25,-17.25
2025-11,Adaptive Regime,Adaptive,v3,"{""adx_len"": 10, ""adx_trend_thresh"": 20, ""adx_range_thresh"": 15, ""ema_fast"": 8, ""ema_slow"": 21, ""bb_len"": 15, ""rsi_len"": 7, ""atr_mult"": 1.0}",70,-17.39,0.256,-1.049,20.7,17.1,-0.285,0.5715,-0.4622,10,38,32,-10.02,-9.93,-0.013,-6.9,-17.39,-17.39,-17.39,-17.39
2026-01,Aggressive Breakout,Breakout,v3,"{""lookback"": 6, ""volume_mult"": 1.0, ""atr_mult"": 0.7}",81,-17.43,0.146,-1.911,17.48,13.6,-0.2477,0.3123,-0.3357,18,35,46,-8.53,-11.53,-0.016,-0.24,-17.43,-17.43,-17.43,-17.43
2025-09,RSI Momentum,Momentum,v4,"{""rsi_len"": 10, ""rsi_long_entry"": 60, ""rsi_short_entry"": 40, ""rsi_long_exit"": 80, ""rsi_short_exit"": 20, ""atr_mult"": 1.5}",112,-18.21,0.482,-1.205,22.83,21.4,-0.1826,0.7924,-0.4485,28,64,48,-7.35,-13.1,-0.0254,-1.81,-18.21,-18.21,-18.21,-18.21
2025-11,Confluence,Multi-Indicator,default,"{""ema_fast"": 8, ""ema_slow"": 21, ""rsi_len"": 14, ""stoch_len"": 14, ""atr_mult"": 1.5}",70,-18.29,0.225,-2.112,18.29,17.1,-0.3016,0.5116,-0.4699,14,34,36,-9.38,-11.73,-0.026,-6.02,-18.29,-18.29,-18.29,-18.29
2025-11,Confluence,Multi-Indicator,v2,"{""ema_fast"": 8, ""ema_slow"": 21, ""rsi_len"": 14, ""stoch_len"": 14, ""atr_mult"": 1.5}",70,-18.29,0.225,-2.112,18.29,17.1,-0.3016,0.5116,-0.4699,14,34,36,-9.38,-11.73,-0.026,-6.02,-18.29,-18.29,-18.29,-18.29
2025-09,Scalp EMA,Trend-Scalp,v1,"{""fast"": 3, ""mid"": 8, ""slow"": 21, ""atr_mult"": 1.0}",71,-18.44,0.474,-0.699,31.1,21.1,-0.2949,1.2603,-0.7114,11,43,28,0.25,-21.19,-0.0107,-13.12,-18.44,-18.44,-18.44,-18.44
2025-10,Scalp EMA,Trend-Scalp,v4,"{""fast"": 3, ""mid"": 5, ""slow"": 13, ""atr_mult"": 0.7}",119,-18.71,1.0,0.058,43.71,21.0,-0.0004,4.605,-1.2253,11,68,51,-28.28,28.23,0.0013,-15.88,-18.71,-18.71,-18.71,-18.71
2025-11,RSI Momentum,Momentum,v4,"{""rsi_len"": 10, ""rsi_long_entry"": 60, ""rsi_short_entry"": 40, ""rsi_long_exit"": 80, ""rsi_short_exit"": 20, ""atr_mult"": 1.5}",100,-18.76,0.391,-1.954,20.0,17.0,-0.215,0.8114,-0.4253,11,54,46,-9.43,-12.07,-0.0382,-6.36,-18.76,-18.76,-18.76,-18.76
2025-09,Ensemble Vote,Ensemble,v1,"{""ema_fast"": 5, ""ema_slow"": 15, ""rsi_len"": 5, ""macd_fast"": 8, ""macd_slow"": 21, ""stoch_len"": 7, ""bb_len"": 15, ""min_votes"": 3, ""atr_mult"": 1.0}",148,-19.02,0.657,-0.752,36.75,16.9,-0.1394,1.5776,-0.4883,28,82,66,-3.92,-16.71,-0.0134,-15.05,-19.02,-19.02,-19.02,-19.02
2025-09,Scalp EMA,Trend-Scalp,v3,"{""fast"": 5, ""mid"": 10, ""slow"": 25, ""atr_mult"": 0.8}",60,-19.22,0.299,-0.69,29.54,20.0,-0.3709,0.791,-0.6614,13,33,27,-1.41,-20.84,-0.007,-9.3,-19.22,-19.22,-19.22,-19.22
2025-11,RSI Momentum,Momentum,v1,"{""rsi_len"": 5, ""rsi_long_entry"": 55, ""rsi_short_entry"": 45, ""rsi_long_exit"": 80, ""rsi_short_exit"": 20, ""atr_mult"": 1.2}",101,-19.57,0.339,-2.335,22.11,17.8,-0.2264,0.6525,-0.417,31,50,51,-13.27,-9.59,-0.0358,-7.01,-19.57,-19.57,-19.57,-19.57
2026-01,Trend Pullback,Trend-Pullback,v4,"{""trend_ema"": 20, ""fast_ema"": 5, ""rsi_len"": 5, ""rsi_oversold"": 30, ""rsi_overbought"": 70, ""atr_mult"": 0.8}",88,-20.05,0.182,-2.989,20.22,15.9,-0.266,0.3729,-0.3869,16,38,50,-11.3,-12.11,-0.027,-3.32,-20.05,-20.05,-20.05,-20.05
2025-12,Ensemble Vote,Ensemble,v3,"{""ema_fast"": 5, ""ema_slow"": 13, ""rsi_len"": 5, ""macd_fast"": 8, ""macd_slow"": 17, ""stoch_len"": 9, ""bb_len"": 15, ""min_votes"": 4, ""atr_mult"": 1.5}",81,-20.53,0.573,-0.619,25.59,19.8,-0.2597,1.7621,-0.7573,11,45,36,-1.58,-19.46,-0.0139,-10.11,-20.53,-20.53,-20.53,-20.53
2025-12,Trend Pullback,Trend-Pullback,v1,"{""trend_ema"": 30, ""fast_ema"": 5, ""rsi_len"": 5, ""rsi_oversold"": 30, ""rsi_overbought"": 70, ""atr_mult"": 1.2}",90,-20.55,0.396,-1.385,21.89,18.9,-0.2609,0.9054,-0.5326,12,50,40,-9.88,-13.6,-0.0251,-10.14,-20.55,-20.55,-20.55,-20.55
2025-11,Scalp EMA,Trend-Scalp,default,"{""fast"": 5, ""mid"": 13, ""slow"": 34, ""atr_mult"": 1.2}",53,-21.06,0.202,-1.311,21.26,18.9,-0.4632,0.6203,-0.7152,16,27,26,-12.97,-11.58,-0.0124,-8.35,-21.06,-21.06,-21.06,-21.06
2025-11,Scalp EMA,Trend-Scalp,v2,"{""fast"": 5, ""mid"": 13, ""slow"": 34, ""atr_mult"": 1.2}",53,-21.06,0.202,-1.311,21.26,18.9,-0.4632,0.6203,-0.7152,16,27,26,-12.97,-11.58,-0.0124,-8.35,-21.06,-21.06,-21.06,-21.06
2025-10,Momentum Accel,Momentum,v1,"{""macd_fast"": 5, ""macd_slow"": 15, ""macd_sig"": 3, ""adx_len"": 7, ""adx_thresh"": 18, ""atr_mult"": 1.0}",132,-21.11,1.116,0.02,46.57,28.0,0.1241,4.2468,-1.4816,9,74,58,-41.33,57.72,0.0005,-13.61,-21.11,-21.11,-21.11,-21.11
2026-01,Adaptive Regime,Adaptive,v3,"{""adx_len"": 10, ""adx_trend_thresh"": 20, ""adx_range_thresh"": 15, ""ema_fast"": 8, ""ema_slow"": 21, ""bb_len"": 15, ""rsi_len"": 7, ""atr_mult"": 1.0}",86,-21.37,0.393,-0.827,21.91,15.1,-0.2912,1.2495,-0.5656,24,34,52,-4.51,-20.54,-0.0148,-9.18,-21.37,-21.37,-21.37,-21.37
2026-01,Confluence,Multi-Indicator,default,"{""ema_fast"": 8, ""ema_slow"": 21, ""rsi_len"": 14, ""stoch_len"": 14, ""atr_mult"": 1.5}",89,-21.42,0.428,-1.014,21.75,22.5,-0.2769,0.9236,-0.6248,16,40,49,-12.58,-12.07,-0.02,-8.01,-21.42,-21.42,-21.42,-21.42
2026-01,Confluence,Multi-Indicator,v2,"{""ema_fast"": 8, ""ema_slow"": 21, ""rsi_len"": 14, ""stoch_len"": 14, ""atr_mult"": 1.5}",89,-21.42,0.428,-1.014,21.75,22.5,-0.2769,0.9236,-0.6248,16,40,49,-12.58,-12.07,-0.02,-8.01,-21.42,-21.42,-21.42,-21.42
2025-11,Scalp EMA,Trend-Scalp,v4,"{""fast"": 3, ""mid"": 5, ""slow"": 13, ""atr_mult"": 0.7}",105,-21.55,0.344,-1.395,26.51,14.3,-0.2417,0.8882,-0.43,22,52,53,-7.08,-18.3,-0.0181,-10.21,-21.55,-21.55,-21.55,-21.55
2026-01,Scalp EMA,Trend-Scalp,v3,"{""fast"": 5, ""mid"": 10, ""slow"": 25, ""atr_mult"": 0.8}",86,-21.56,0.411,-0.897,22.85,15.1,-0.2931,1.3527,-0.5862,27,34,52,-12.23,-12.98,-0.0161,-10.75,-21.56,-21.56,-21.56,-21.56
2026-01,Confluence,Multi-Indicator,v3,"{""ema_fast"": 10, ""ema_slow"": 30, ""rsi_len"": 14, ""stoch_len"": 21, ""atr_mult"": 2.0}",74,-21.81,0.314,-1.261,22.12,18.9,-0.343,0.8295,-0.6166,12,29,45,-13.48,-11.9,-0.0179,-7.66,-21.81,-21.81,-21.81,-21.81
2025-12,Ensemble Vote,Ensemble,v1,"{""ema_fast"": 5, ""ema_slow"": 15, ""rsi_len"": 5, ""macd_fast"": 8, ""macd_slow"": 21, ""stoch_len"": 7, ""bb_len"": 15, ""min_votes"": 3, ""atr_mult"": 1.0}",165,-22.02,0.716,-0.6,29.62,20.0,-0.1375,1.7308,-0.6046,19,87,78,9.65,-32.33,-0.0145,-23.7,-22.02,-22.02,-22.02,-22.02
2025-11,Confluence,Multi-Indicator,v3,"{""ema_fast"": 10, ""ema_slow"": 30, ""rsi_len"": 14, ""stoch_len"": 21, ""atr_mult"": 2.0}",62,-22.17,0.171,-2.191,22.17,19.4,-0.4206,0.4486,-0.6293,13,30,32,-9.68,-16.4,-0.0169,-6.31,-22.17,-22.17,-22.17,-22.17
2025-09,Ensemble Vote,Ensemble,v4,"{""ema_fast"": 9, ""ema_slow"": 21, ""rsi_len"": 7, ""macd_fast"": 12, ""macd_slow"": 26, ""stoch_len"": 14, ""bb_len"": 20, ""min_votes"": 2, ""atr_mult"": 1.0}",121,-22.37,0.419,-0.789,36.31,16.5,-0.2166,0.9449,-0.4466,18,70,51,-13.73,-12.48,-0.0091,-15.99,-22.37,-22.37,-22.37,-22.37
2025-11,Momentum Accel,Momentum,v3,"{""macd_fast"": 12, ""macd_slow"": 26, ""macd_sig"": 9, ""adx_len"": 14, ""adx_thresh"": 22, ""atr_mult"": 1.5}",81,-22.64,0.295,-1.73,26.34,19.8,-0.3295,0.6978,-0.5824,15,38,43,-13.14,-13.55,-0.0194,-9.45,-22.64,-22.64,-22.64,-22.64
2025-11,Ensemble Vote,Ensemble,v1,"{""ema_fast"": 5, ""ema_slow"": 15, ""rsi_len"": 5, ""macd_fast"": 8, ""macd_slow"": 21, ""stoch_len"": 7, ""bb_len"": 15, ""min_votes"": 3, ""atr_mult"": 1.0}",143,-23.11,0.414,-1.619,31.4,14.7,-0.1918,0.9237,-0.3838,19,72,71,-10.92,-16.5,-0.0214,-11.44,-23.11,-23.11,-23.11,-23.11
2025-09,Adaptive Regime,Adaptive,default,"{""adx_len"": 14, ""adx_trend_thresh"": 25, ""adx_range_thresh"": 18, ""ema_fast"": 9, ""ema_slow"": 21, ""bb_len"": 20, ""rsi_len"": 7, ""atr_mult"": 1.5}",39,-23.26,0.253,-0.958,29.6,30.8,-0.6887,0.76,-1.3325,7,22,17,-4.48,-22.38,-0.0082,-3.89,-23.26,-23.26,-23.26,-23.26
2025-09,Adaptive Regime,Adaptive,v2,"{""adx_len"": 14, ""adx_trend_thresh"": 25, ""adx_range_thresh"": 18, ""ema_fast"": 9, ""ema_slow"": 21, ""bb_len"": 20, ""rsi_len"": 7, ""atr_mult"": 1.5}",39,-23.26,0.253,-0.958,29.6,30.8,-0.6887,0.76,-1.3325,7,22,17,-4.48,-22.38,-0.0082,-3.89,-23.26,-23.26,-23.26,-23.26
2026-01,Ensemble Vote,Ensemble,v1,"{""ema_fast"": 5, ""ema_slow"": 15, ""rsi_len"": 5, ""macd_fast"": 8, ""macd_slow"": 21, ""stoch_len"": 7, ""bb_len"": 15, ""min_votes"": 3, ""atr_mult"": 1.0}",156,-23.27,0.481,-0.839,23.83,18.6,-0.1749,0.8726,-0.4142,18,75,81,-11.32,-15.97,-0.0169,-8.23,-23.27,-23.27,-23.27,-23.27
2025-11,Momentum Accel,Momentum,default,"{""macd_fast"": 8, ""macd_slow"": 21, ""macd_sig"": 5, ""adx_len"": 10, ""adx_thresh"": 20, ""atr_mult"": 1.3}",105,-23.31,0.323,-1.951,28.4,21.9,-0.2647,0.5772,-0.5009,10,51,54,-16.8,-10.99,-0.0222,-9.57,-23.31,-23.31,-23.31,-23.31
2025-11,Momentum Accel,Momentum,v2,"{""macd_fast"": 8, ""macd_slow"": 21, ""macd_sig"": 5, ""adx_len"": 10, ""adx_thresh"": 20, ""atr_mult"": 1.3}",105,-23.31,0.323,-1.951,28.4,21.9,-0.2647,0.5772,-0.5009,10,51,54,-16.8,-10.99,-0.0222,-9.57,-23.31,-23.31,-23.31,-23.31
2026-01,Scalp EMA,Trend-Scalp,v4,"{""fast"": 3, ""mid"": 5, ""slow"": 13, ""atr_mult"": 0.7}",127,-23.42,0.412,-0.971,24.51,15.0,-0.2195,1.0262,-0.4386,26,53,74,-11.04,-16.83,-0.0163,-9.58,-23.42,-23.42,-23.42,-23.42
2025-10,Ensemble Vote,Ensemble,v1,"{""ema_fast"": 5, ""ema_slow"": 15, ""rsi_len"": 5, ""macd_fast"": 8, ""macd_slow"": 21, ""stoch_len"": 7, ""bb_len"": 15, ""min_votes"": 3, ""atr_mult"": 1.0}",152,-23.94,1.02,0.048,56.83,28.9,0.0196,3.413,-1.3629,11,89,63,-37.12,40.1,0.0009,-5.65,-23.94,-23.94,-23.94,-23.94
2025-12,Momentum Accel,Momentum,v4,"{""macd_fast"": 6, ""macd_slow"": 18, ""macd_sig"": 4, ""adx_len"": 8, ""adx_thresh"": 15, ""atr_mult"": 0.8}",137,-24.06,0.627,-0.604,36.24,18.2,-0.1904,1.7522,-0.624,19,73,64,3.47,-29.56,-0.0104,-2.24,-24.06,-24.06,-24.06,-24.06
2026-01,Scalp EMA,Trend-Scalp,v1,"{""fast"": 3, ""mid"": 8, ""slow"": 21, ""atr_mult"": 1.0}",91,-24.18,0.37,-0.929,25.39,17.6,-0.3171,1.0605,-0.611,19,37,54,-8.19,-20.66,-0.0135,-10.96,-24.18,-24.18,-24.18,-24.18
2026-01,Adaptive Regime,Adaptive,default,"{""adx_len"": 14, ""adx_trend_thresh"": 25, ""adx_range_thresh"": 18, ""ema_fast"": 9, ""ema_slow"": 21, ""bb_len"": 20, ""rsi_len"": 7, ""atr_mult"": 1.5}",57,-24.37,0.271,-0.948,24.67,17.5,-0.5081,1.0794,-0.8459,10,22,35,-3.88,-25.08,-0.0104,-7.9,-24.37,-24.37,-24.37,-24.37
2026-01,Adaptive Regime,Adaptive,v2,"{""adx_len"": 14, ""adx_trend_thresh"": 25, ""adx_range_thresh"": 18, ""ema_fast"": 9, ""ema_slow"": 21, ""bb_len"": 20, ""rsi_len"": 7, ""atr_mult"": 1.5}",57,-24.37,0.271,-0.948,24.67,17.5,-0.5081,1.0794,-0.8459,10,22,35,-3.88,-25.08,-0.0104,-7.9,-24.37,-24.37,-24.37,-24.37
2025-12,Trend Pullback,Trend-Pullback,v3,"{""trend_ema"": 40, ""fast_ema"": 8, ""rsi_len"": 7, ""rsi_oversold"": 40, ""rsi_overbought"": 60, ""atr_mult"": 1.0}",92,-24.49,0.23,-1.871,24.49,22.8,-0.3154,0.4133,-0.531,15,59,33,-9.57,-19.45,-0.0176,-1.83,-24.49,-24.49,-24.49,-24.49
2026-01,Adaptive Regime,Adaptive,v1,"{""adx_len"": 10, ""adx_trend_thresh"": 22, ""adx_range_thresh"": 15, ""ema_fast"": 5, ""ema_slow"": 15, ""bb_len"": 15, ""rsi_len"": 5, ""atr_mult"": 1.2}",85,-25.48,0.306,-0.954,26.34,16.5,-0.3616,0.9667,-0.6235,11,37,48,-12.81,-17.92,-0.0111,-7.87,-25.48,-25.48,-25.48,-25.48
2025-11,Momentum Accel,Momentum,v4,"{""macd_fast"": 6, ""macd_slow"": 18, ""macd_sig"": 4, ""adx_len"": 8, ""adx_thresh"": 15, ""atr_mult"": 0.8}",118,-25.92,0.241,-2.565,27.77,14.4,-0.2675,0.5911,-0.412,16,59,59,-17.35,-14.21,-0.0223,-7.87,-25.92,-25.92,-25.92,-25.92
2025-09,Scalp EMA,Trend-Scalp,default,"{""fast"": 5, ""mid"": 13, ""slow"": 34, ""atr_mult"": 1.2}",48,-26.06,0.158,-0.993,33.42,16.7,-0.6462,0.725,-0.9205,15,24,24,-5.65,-25.37,-0.0047,-5.54,-26.06,-26.06,-26.06,-26.06
2025-09,Scalp EMA,Trend-Scalp,v2,"{""fast"": 5, ""mid"": 13, ""slow"": 34, ""atr_mult"": 1.2}",48,-26.06,0.158,-0.993,33.42,16.7,-0.6462,0.725,-0.9205,15,24,24,-5.65,-25.37,-0.0047,-5.54,-26.06,-26.06,-26.06,-26.06
2025-09,Ensemble Vote,Ensemble,default,"{""ema_fast"": 9, ""ema_slow"": 21, ""rsi_len"": 7, ""macd_fast"": 12, ""macd_slow"": 26, ""stoch_len"": 14, ""bb_len"": 20, ""min_votes"": 3, ""atr_mult"": 1.3}",124,-26.18,0.414,-0.976,33.02,16.1,-0.2499,1.0959,-0.5087,16,74,50,-15.39,-15.59,-0.0122,-9.32,-26.18,-26.18,-26.18,-26.18
2025-09,Ensemble Vote,Ensemble,v2,"{""ema_fast"": 9, ""ema_slow"": 21, ""rsi_len"": 7, ""macd_fast"": 12, ""macd_slow"": 26, ""stoch_len"": 14, ""bb_len"": 20, ""min_votes"": 3, ""atr_mult"": 1.3}",124,-26.18,0.414,-0.976,33.02,16.1,-0.2499,1.0959,-0.5087,16,74,50,-15.39,-15.59,-0.0122,-9.32,-26.18,-26.18,-26.18,-26.18
2026-01,RSI Momentum,Momentum,default,"{""rsi_len"": 7, ""rsi_long_entry"": 55, ""rsi_short_entry"": 45, ""rsi_long_exit"": 75, ""rsi_short_exit"": 25, ""atr_mult"": 1.5}",133,-26.51,0.374,-2.247,26.76,15.8,-0.2395,0.9047,-0.4541,23,54,79,-6.61,-25.25,-0.0314,-5.88,-26.51,-26.51,-26.51,-26.51
2026-01,RSI Momentum,Momentum,v2,"{""rsi_len"": 7, ""rsi_long_entry"": 55, ""rsi_short_entry"": 45, ""rsi_long_exit"": 75, ""rsi_short_exit"": 25, ""atr_mult"": 1.5}",133,-26.51,0.374,-2.247,26.76,15.8,-0.2395,0.9047,-0.4541,23,54,79,-6.61,-25.25,-0.0314,-5.88,-26.51,-26.51,-26.51,-26.51
2025-12,Momentum Accel,Momentum,v1,"{""macd_fast"": 5, ""macd_slow"": 15, ""macd_sig"": 3, ""adx_len"": 7, ""adx_thresh"": 18, ""atr_mult"": 1.0}",148,-26.55,0.637,-0.752,34.64,18.9,-0.1968,1.8249,-0.6686,16,78,70,-5.64,-23.49,-0.0138,-5.68,-26.55,-26.55,-26.55,-26.55
2025-12,Scalp EMA,Trend-Scalp,v4,"{""fast"": 3, ""mid"": 5, ""slow"": 13, ""atr_mult"": 0.7}",113,-26.79,0.609,-0.574,36.28,13.3,-0.2575,3.022,-0.7595,25,54,59,14.89,-43.99,-0.0096,-16.86,-26.79,-26.79,-26.79,-26.79
2026-01,Momentum Accel,Momentum,v4,"{""macd_fast"": 6, ""macd_slow"": 18, ""macd_sig"": 4, ""adx_len"": 8, ""adx_thresh"": 15, ""atr_mult"": 0.8}",132,-26.89,0.32,-1.471,27.27,19.7,-0.2472,0.5893,-0.4523,18,62,70,-14.88,-17.75,-0.0172,-4.28,-26.89,-26.89,-26.89,-26.89
2026-01,Ensemble Vote,Ensemble,v3,"{""ema_fast"": 5, ""ema_slow"": 13, ""rsi_len"": 5, ""macd_fast"": 8, ""macd_slow"": 17, ""stoch_len"": 9, ""bb_len"": 15, ""min_votes"": 4, ""atr_mult"": 1.5}",81,-27.04,0.183,-1.573,27.76,22.2,-0.404,0.4063,-0.6355,14,39,42,-18.56,-14.16,-0.0104,-5.32,-27.04,-27.04,-27.04,-27.04
2025-12,Scalp EMA,Trend-Scalp,default,"{""fast"": 5, ""mid"": 13, ""slow"": 34, ""atr_mult"": 1.2}",54,-27.05,0.191,-0.384,40.49,18.5,-0.6072,0.7733,-0.921,13,33,21,-18.65,-14.14,-0.0018,-12.69,-27.05,-27.05,-27.05,-27.05
2025-12,Scalp EMA,Trend-Scalp,v2,"{""fast"": 5, ""mid"": 13, ""slow"": 34, ""atr_mult"": 1.2}",54,-27.05,0.191,-0.384,40.49,18.5,-0.6072,0.7733,-0.921,13,33,21,-18.65,-14.14,-0.0018,-12.69,-27.05,-27.05,-27.05,-27.05
2025-11,Ensemble Vote,Ensemble,default,"{""ema_fast"": 9, ""ema_slow"": 21, ""rsi_len"": 7, ""macd_fast"": 12, ""macd_slow"": 26, ""stoch_len"": 14, ""bb_len"": 20, ""min_votes"": 3, ""atr_mult"": 1.3}",118,-27.42,0.23,-1.916,32.23,11.9,-0.2835,0.7137,-0.4177,20,54,64,-8.88,-24.56,-0.0137,-10.81,-27.42,-27.42,-27.42,-27.42
2025-11,Ensemble Vote,Ensemble,v2,"{""ema_fast"": 9, ""ema_slow"": 21, ""rsi_len"": 7, ""macd_fast"": 12, ""macd_slow"": 26, ""stoch_len"": 14, ""bb_len"": 20, ""min_votes"": 3, ""atr_mult"": 1.3}",118,-27.42,0.23,-1.916,32.23,11.9,-0.2835,0.7137,-0.4177,20,54,64,-8.88,-24.56,-0.0137,-10.81,-27.42,-27.42,-27.42,-27.42
2025-12,Confluence,Multi-Indicator,default,"{""ema_fast"": 8, ""ema_slow"": 21, ""rsi_len"": 14, ""stoch_len"": 14, ""atr_mult"": 1.5}",84,-27.53,0.096,-3.164,27.53,10.7,-0.4032,0.3991,-0.4995,23,54,30,-18.56,-15.31,-0.011,-13.01,-27.53,-27.53,-27.53,-27.53
2025-12,Confluence,Multi-Indicator,v2,"{""ema_fast"": 8, ""ema_slow"": 21, ""rsi_len"": 14, ""stoch_len"": 14, ""atr_mult"": 1.5}",84,-27.53,0.096,-3.164,27.53,10.7,-0.4032,0.3991,-0.4995,23,54,30,-18.56,-15.31,-0.011,-13.01,-27.53,-27.53,-27.53,-27.53
2025-12,Confluence,Multi-Indicator,v3,"{""ema_fast"": 10, ""ema_slow"": 30, ""rsi_len"": 14, ""stoch_len"": 21, ""atr_mult"": 2.0}",69,-27.6,0.089,-3.338,27.6,13.0,-0.4916,0.3683,-0.6206,18,46,23,-15.35,-18.58,-0.0108,-13.63,-27.6,-27.6,-27.6,-27.6
2025-12,Trend Pullback,Trend-Pullback,default,"{""trend_ema"": 50, ""fast_ema"": 9, ""rsi_len"": 7, ""rsi_oversold"": 35, ""rsi_overbought"": 65, ""atr_mult"": 1.5}",83,-27.91,0.171,-1.975,28.21,18.1,-0.4072,0.4649,-0.5995,13,53,30,-18.37,-15.42,-0.012,-5.2,-27.91,-27.91,-27.91,-27.91
2025-12,Trend Pullback,Trend-Pullback,v2,"{""trend_ema"": 50, ""fast_ema"": 9, ""rsi_len"": 7, ""rsi_oversold"": 35, ""rsi_overbought"": 65, ""atr_mult"": 1.5}",83,-27.91,0.171,-1.975,28.21,18.1,-0.4072,0.4649,-0.5995,13,53,30,-18.37,-15.42,-0.012,-5.2,-27.91,-27.91,-27.91,-27.91
2025-11,Scalp EMA,Trend-Scalp,v3,"{""fast"": 5, ""mid"": 10, ""slow"": 25, ""atr_mult"": 0.8}",74,-28.23,0.114,-2.025,28.23,13.5,-0.4675,0.4458,-0.6102,15,38,36,-16.4,-18.19,-0.0082,-8.19,-28.23,-28.23,-28.23,-28.23
2026-01,Ensemble Vote,Ensemble,v4,"{""ema_fast"": 9, ""ema_slow"": 21, ""rsi_len"": 7, ""macd_fast"": 12, ""macd_slow"": 26, ""stoch_len"": 14, ""bb_len"": 20, ""min_votes"": 2, ""atr_mult"": 1.0}",139,-28.33,0.401,-1.249,28.98,17.3,-0.2488,0.9648,-0.5021,15,63,76,-10.74,-23.85,-0.0173,-9.39,-28.33,-28.33,-28.33,-28.33
2026-01,Ensemble Vote,Ensemble,default,"{""ema_fast"": 9, ""ema_slow"": 21, ""rsi_len"": 7, ""macd_fast"": 12, ""macd_slow"": 26, ""stoch_len"": 14, ""bb_len"": 20, ""min_votes"": 3, ""atr_mult"": 1.3}",126,-28.46,0.353,-1.157,29.1,18.3,-0.2747,0.8201,-0.5191,15,54,72,-9.94,-24.67,-0.014,-9.73,-28.46,-28.46,-28.46,-28.46
2026-01,Ensemble Vote,Ensemble,v2,"{""ema_fast"": 9, ""ema_slow"": 21, ""rsi_len"": 7, ""macd_fast"": 12, ""macd_slow"": 26, ""stoch_len"": 14, ""bb_len"": 20, ""min_votes"": 3, ""atr_mult"": 1.3}",126,-28.46,0.353,-1.157,29.1,18.3,-0.2747,0.8201,-0.5191,15,54,72,-9.94,-24.67,-0.014,-9.73,-28.46,-28.46,-28.46,-28.46
2026-01,RSI Momentum,Momentum,v3,"{""rsi_len"": 7, ""rsi_long_entry"": 52, ""rsi_short_entry"": 48, ""rsi_long_exit"": 70, ""rsi_short_exit"": 30, ""atr_mult"": 1.0}",109,-28.48,0.171,-3.171,28.72,12.8,-0.3203,0.5145,-0.4434,21,43,66,-10.93,-23.98,-0.0189,-5.59,-28.48,-28.48,-28.48,-28.48
2025-12,RSI Momentum,Momentum,default,"{""rsi_len"": 7, ""rsi_long_entry"": 55, ""rsi_short_entry"": 45, ""rsi_long_exit"": 75, ""rsi_short_exit"": 25, ""atr_mult"": 1.5}",122,-28.58,0.305,-1.557,29.38,18.9,-0.281,0.6541,-0.4983,16,68,54,-26.93,-7.35,-0.0162,-0.18,-28.58,-28.58,-28.58,-28.58
2025-12,RSI Momentum,Momentum,v2,"{""rsi_len"": 7, ""rsi_long_entry"": 55, ""rsi_short_entry"": 45, ""rsi_long_exit"": 75, ""rsi_short_exit"": 25, ""atr_mult"": 1.5}",122,-28.58,0.305,-1.557,29.38,18.9,-0.281,0.6541,-0.4983,16,68,54,-26.93,-7.35,-0.0162,-0.18,-28.58,-28.58,-28.58,-28.58
2025-12,Trend Pullback,Trend-Pullback,v4,"{""trend_ema"": 20, ""fast_ema"": 5, ""rsi_len"": 5, ""rsi_oversold"": 30, ""rsi_overbought"": 70, ""atr_mult"": 0.8}",91,-29.25,0.166,-2.208,30.13,18.7,-0.393,0.4198,-0.5798,18,49,42,-13.21,-22.56,-0.0122,-5.55,-29.25,-29.25,-29.25,-29.25
2025-12,Adaptive Regime,Adaptive,v3,"{""adx_len"": 10, ""adx_trend_thresh"": 20, ""adx_range_thresh"": 15, ""ema_fast"": 8, ""ema_slow"": 21, ""bb_len"": 15, ""rsi_len"": 7, ""atr_mult"": 1.0}",90,-29.29,0.57,-0.61,29.29,13.3,-0.3539,3.5136,-0.9489,27,55,35,-14.49,-17.36,-0.0119,-20.13,-29.29,-29.29,-29.29,-29.29
2025-10,Momentum Accel,Momentum,default,"{""macd_fast"": 8, ""macd_slow"": 21, ""macd_sig"": 5, ""adx_len"": 10, ""adx_thresh"": 20, ""atr_mult"": 1.3}",97,-29.83,1.035,-0.096,48.91,27.8,0.0508,5.3431,-1.9905,8,50,47,-28.12,33.05,-0.002,-11.21,-29.83,-29.83,-29.83,-29.83
2025-10,Momentum Accel,Momentum,v2,"{""macd_fast"": 8, ""macd_slow"": 21, ""macd_sig"": 5, ""adx_len"": 10, ""adx_thresh"": 20, ""atr_mult"": 1.3}",97,-29.83,1.035,-0.096,48.91,27.8,0.0508,5.3431,-1.9905,8,50,47,-28.12,33.05,-0.002,-11.21,-29.83,-29.83,-29.83,-29.83
2026-01,RSI Momentum,Momentum,v1,"{""rsi_len"": 5, ""rsi_long_entry"": 55, ""rsi_short_entry"": 45, ""rsi_long_exit"": 80, ""rsi_short_exit"": 20, ""atr_mult"": 1.2}",128,-29.85,0.186,-1.914,29.85,12.5,-0.2892,0.53,-0.4062,18,49,79,-17.59,-19.42,-0.0119,-6.86,-29.85,-29.85,-29.85,-29.85
2025-12,Scalp EMA,Trend-Scalp,v3,"{""fast"": 5, ""mid"": 10, ""slow"": 25, ""atr_mult"": 0.8}",88,-30.01,0.237,-0.461,42.82,15.9,-0.4246,0.8305,-0.662,13,50,38,-17.93,-19.43,-0.0026,-15.31,-30.01,-30.01,-30.01,-30.01
2026-01,Momentum Accel,Momentum,v1,"{""macd_fast"": 5, ""macd_slow"": 15, ""macd_sig"": 3, ""adx_len"": 7, ""adx_thresh"": 18, ""atr_mult"": 1.0}",146,-30.3,0.324,-1.728,30.79,17.8,-0.2567,0.6895,-0.4617,28,66,80,-17.86,-19.61,-0.0182,-6.32,-30.3,-30.3,-30.3,-30.3
2026-01,Momentum Accel,Momentum,v3,"{""macd_fast"": 12, ""macd_slow"": 26, ""macd_sig"": 9, ""adx_len"": 14, ""adx_thresh"": 22, ""atr_mult"": 1.5}",88,-30.51,0.243,-1.473,30.83,20.5,-0.4307,0.6771,-0.7156,9,46,42,-18.3,-19.6,-0.0116,-6.87,-30.51,-30.51,-30.51,-30.51
2026-01,Scalp EMA,Trend-Scalp,default,"{""fast"": 5, ""mid"": 13, ""slow"": 34, ""atr_mult"": 1.2}",69,-30.88,0.238,-1.499,32.73,18.8,-0.5559,0.9237,-0.8993,10,29,40,-30.04,-8.31,-0.0109,-9.24,-30.88,-30.88,-30.88,-30.88
2026-01,Scalp EMA,Trend-Scalp,v2,"{""fast"": 5, ""mid"": 13, ""slow"": 34, ""atr_mult"": 1.2}",69,-30.88,0.238,-1.499,32.73,18.8,-0.5559,0.9237,-0.8993,10,29,40,-30.04,-8.31,-0.0109,-9.24,-30.88,-30.88,-30.88,-30.88
2025-11,Scalp EMA,Trend-Scalp,v1,"{""fast"": 3, ""mid"": 8, ""slow"": 21, ""atr_mult"": 1.0}",82,-30.94,0.082,-2.16,30.94,12.2,-0.4714,0.3432,-0.5846,19,44,38,-19.48,-19.18,-0.0057,-9.55,-30.94,-30.94,-30.94,-30.94
2026-01,Momentum Accel,Momentum,default,"{""macd_fast"": 8, ""macd_slow"": 21, ""macd_sig"": 5, ""adx_len"": 10, ""adx_thresh"": 20, ""atr_mult"": 1.3}",120,-31.17,0.301,-1.574,31.66,20.8,-0.3232,0.6686,-0.5842,15,59,61,-20.21,-18.57,-0.015,-5.73,-31.17,-31.17,-31.17,-31.17
2026-01,Momentum Accel,Momentum,v2,"{""macd_fast"": 8, ""macd_slow"": 21, ""macd_sig"": 5, ""adx_len"": 10, ""adx_thresh"": 20, ""atr_mult"": 1.3}",120,-31.17,0.301,-1.574,31.66,20.8,-0.3232,0.6686,-0.5842,15,59,61,-20.21,-18.57,-0.015,-5.73,-31.17,-31.17,-31.17,-31.17
2025-11,Ensemble Vote,Ensemble,v4,"{""ema_fast"": 9, ""ema_slow"": 21, ""rsi_len"": 7, ""macd_fast"": 12, ""macd_slow"": 26, ""stoch_len"": 14, ""bb_len"": 20, ""min_votes"": 2, ""atr_mult"": 1.0}",123,-31.32,0.152,-2.304,34.4,12.2,-0.3198,0.4711,-0.4296,26,65,58,-16.51,-22.82,-0.0102,-10.15,-31.32,-31.32,-31.32,-31.32
2025-12,Adaptive Regime,Adaptive,default,"{""adx_len"": 14, ""adx_trend_thresh"": 25, ""adx_range_thresh"": 18, ""ema_fast"": 9, ""ema_slow"": 21, ""bb_len"": 20, ""rsi_len"": 7, ""atr_mult"": 1.5}",62,-31.85,0.403,-0.675,31.85,14.5,-0.6157,2.8683,-1.2074,15,38,24,-17.38,-20.8,-0.0086,-20.56,-31.85,-31.85,-31.85,-31.85
2025-12,Adaptive Regime,Adaptive,v2,"{""adx_len"": 14, ""adx_trend_thresh"": 25, ""adx_range_thresh"": 18, ""ema_fast"": 9, ""ema_slow"": 21, ""bb_len"": 20, ""rsi_len"": 7, ""atr_mult"": 1.5}",62,-31.85,0.403,-0.675,31.85,14.5,-0.6157,2.8683,-1.2074,15,38,24,-17.38,-20.8,-0.0086,-20.56,-31.85,-31.85,-31.85,-31.85
2025-11,Momentum Accel,Momentum,v1,"{""macd_fast"": 5, ""macd_slow"": 15, ""macd_sig"": 3, ""adx_len"": 7, ""adx_thresh"": 18, ""atr_mult"": 1.0}",134,-32.18,0.193,-3.131,33.07,11.9,-0.3044,0.609,-0.4283,32,65,69,-22.71,-18.08,-0.0183,-8.66,-32.18,-32.18,-32.18,-32.18
2025-12,RSI Momentum,Momentum,v3,"{""rsi_len"": 7, ""rsi_long_entry"": 52, ""rsi_short_entry"": 48, ""rsi_long_exit"": 70, ""rsi_short_exit"": 30, ""atr_mult"": 1.0}",115,-32.19,0.239,-2.004,35.69,15.7,-0.3487,0.7013,-0.5436,16,62,53,-22.91,-17.2,-0.0134,0.7,-32.19,-32.19,-32.19,-32.19
2025-12,RSI Momentum,Momentum,v1,"{""rsi_len"": 5, ""rsi_long_entry"": 55, ""rsi_short_entry"": 45, ""rsi_long_exit"": 80, ""rsi_short_exit"": 20, ""atr_mult"": 1.2}",121,-33.65,0.182,-1.846,34.69,16.5,-0.3499,0.4709,-0.5124,21,64,57,-24.42,-17.92,-0.0097,-5.88,-33.65,-33.65,-33.65,-33.65
2025-10,Confluence,Multi-Indicator,v1,"{""ema_fast"": 5, ""ema_slow"": 15, ""rsi_len"": 7, ""stoch_len"": 7, ""atr_mult"": 1.2}",60,-35.65,0.897,-0.078,55.51,21.7,-0.1784,7.1873,-2.2158,16,34,26,-74.1,63.4,-0.0013,-7.32,-35.65,-35.65,-35.65,-35.65
2025-12,Momentum Accel,Momentum,v3,"{""macd_fast"": 12, ""macd_slow"": 26, ""macd_sig"": 9, ""adx_len"": 14, ""adx_thresh"": 22, ""atr_mult"": 1.5}",77,-36.49,0.295,-1.425,37.4,20.8,-0.5956,1.1992,-1.0664,18,43,34,-21.15,-24.71,-0.0112,-11.94,-36.49,-36.49,-36.49,-36.49
2025-10,RSI Momentum,Momentum,default,"{""rsi_len"": 7, ""rsi_long_entry"": 55, ""rsi_short_entry"": 45, ""rsi_long_exit"": 75, ""rsi_short_exit"": 25, ""atr_mult"": 1.5}",103,-37.02,0.816,-0.286,53.0,24.3,-0.2259,4.1231,-1.6198,11,67,36,-84.8,61.53,-0.0044,-15.06,-37.02,-37.02,-37.02,-37.02
2025-10,RSI Momentum,Momentum,v2,"{""rsi_len"": 7, ""rsi_long_entry"": 55, ""rsi_short_entry"": 45, ""rsi_long_exit"": 75, ""rsi_short_exit"": 25, ""atr_mult"": 1.5}",103,-37.02,0.816,-0.286,53.0,24.3,-0.2259,4.1231,-1.6198,11,67,36,-84.8,61.53,-0.0044,-15.06,-37.02,-37.02,-37.02,-37.02
2025-12,Adaptive Regime,Adaptive,v1,"{""adx_len"": 10, ""adx_trend_thresh"": 22, ""adx_range_thresh"": 15, ""ema_fast"": 5, ""ema_slow"": 15, ""bb_len"": 15, ""rsi_len"": 5, ""atr_mult"": 1.2}",92,-38.74,0.367,-1.279,40.04,18.5,-0.5262,1.6532,-1.0202,15,53,39,-12.41,-35.99,-0.0117,-18.41,-38.74,-38.74,-38.74,-38.74
2025-12,Momentum Accel,Momentum,default,"{""macd_fast"": 8, ""macd_slow"": 21, ""macd_sig"": 5, ""adx_len"": 10, ""adx_thresh"": 20, ""atr_mult"": 1.3}",113,-38.95,0.294,-1.714,39.71,19.5,-0.4449,0.9506,-0.7823,18,60,53,-23.84,-26.44,-0.0127,-9.67,-38.95,-38.95,-38.95,-38.95
2025-12,Momentum Accel,Momentum,v2,"{""macd_fast"": 8, ""macd_slow"": 21, ""macd_sig"": 5, ""adx_len"": 10, ""adx_thresh"": 20, ""atr_mult"": 1.3}",113,-38.95,0.294,-1.714,39.71,19.5,-0.4449,0.9506,-0.7823,18,60,53,-23.84,-26.44,-0.0127,-9.67,-38.95,-38.95,-38.95,-38.95
2025-12,RSI Momentum,Momentum,v4,"{""rsi_len"": 10, ""rsi_long_entry"": 60, ""rsi_short_entry"": 40, ""rsi_long_exit"": 80, ""rsi_short_exit"": 20, ""atr_mult"": 1.5}",124,-39.29,0.192,-2.202,40.27,19.4,-0.4148,0.5094,-0.6366,23,71,53,-27.99,-23.45,-0.0105,-15.4,-39.29,-39.29,-39.29,-39.29
2025-12,Ensemble Vote,Ensemble,default,"{""ema_fast"": 9, ""ema_slow"": 21, ""rsi_len"": 7, ""macd_fast"": 12, ""macd_slow"": 26, ""stoch_len"": 14, ""bb_len"": 20, ""min_votes"": 3, ""atr_mult"": 1.3}",131,-40.59,0.321,-0.983,41.42,20.6,-0.4049,0.9294,-0.7513,14,65,66,-23.16,-29.89,-0.0076,-12.81,-40.59,-40.59,-40.59,-40.59
2025-12,Ensemble Vote,Ensemble,v2,"{""ema_fast"": 9, ""ema_slow"": 21, ""rsi_len"": 7, ""macd_fast"": 12, ""macd_slow"": 26, ""stoch_len"": 14, ""bb_len"": 20, ""min_votes"": 3, ""atr_mult"": 1.3}",131,-40.59,0.321,-0.983,41.42,20.6,-0.4049,0.9294,-0.7513,14,65,66,-23.16,-29.89,-0.0076,-12.81,-40.59,-40.59,-40.59,-40.59
2025-12,Scalp EMA,Trend-Scalp,v1,"{""fast"": 3, ""mid"": 8, ""slow"": 21, ""atr_mult"": 1.0}",87,-41.86,0.175,-0.914,42.64,16.1,-0.6459,0.8527,-0.9333,20,49,38,-20.07,-36.13,-0.0038,-19.47,-41.86,-41.86,-41.86,-41.86
2025-12,Ensemble Vote,Ensemble,v4,"{""ema_fast"": 9, ""ema_slow"": 21, ""rsi_len"": 7, ""macd_fast"": 12, ""macd_slow"": 26, ""stoch_len"": 14, ""bb_len"": 20, ""min_votes"": 2, ""atr_mult"": 1.0}",149,-43.84,0.309,-1.071,44.93,18.1,-0.397,0.9812,-0.702,14,71,78,-18.13,-41.02,-0.0074,-13.47,-43.84,-43.84,-43.84,-43.84
2025-10,Momentum Accel,Momentum,v3,"{""macd_fast"": 12, ""macd_slow"": 26, ""macd_sig"": 9, ""adx_len"": 14, ""adx_thresh"": 22, ""atr_mult"": 1.5}",68,-44.95,0.879,-0.146,60.63,30.9,-0.2705,6.3462,-3.2268,12,32,36,-46.37,27.98,-0.0021,-11.73,-44.95,-44.95,-44.95,-44.95
2025-10,Confluence,Multi-Indicator,default,"{""ema_fast"": 8, ""ema_slow"": 21, ""rsi_len"": 14, ""stoch_len"": 14, ""atr_mult"": 1.5}",78,-51.93,0.731,-0.273,61.06,26.9,-0.4967,5.0169,-2.528,19,45,33,-75.56,36.82,-0.0033,-15.17,-51.93,-51.93,-51.93,-51.93
2025-10,Confluence,Multi-Indicator,v2,"{""ema_fast"": 8, ""ema_slow"": 21, ""rsi_len"": 14, ""stoch_len"": 14, ""atr_mult"": 1.5}",78,-51.93,0.731,-0.273,61.06,26.9,-0.4967,5.0169,-2.528,19,45,33,-75.56,36.82,-0.0033,-15.17,-51.93,-51.93,-51.93,-51.93
2025-10,Ensemble Vote,Ensemble,v4,"{""ema_fast"": 9, ""ema_slow"": 21, ""rsi_len"": 7, ""macd_fast"": 12, ""macd_slow"": 26, ""stoch_len"": 14, ""bb_len"": 20, ""min_votes"": 2, ""atr_mult"": 1.0}",142,-57.47,0.679,-0.41,64.25,19.0,-0.4186,4.6652,-1.6122,16,82,60,-44.71,-14.74,-0.0043,-22.17,-57.47,-57.47,-57.47,-57.47
2025-10,RSI Momentum,Momentum,v4,"{""rsi_len"": 10, ""rsi_long_entry"": 60, ""rsi_short_entry"": 40, ""rsi_long_exit"": 80, ""rsi_short_exit"": 20, ""atr_mult"": 1.5}",125,-64.55,0.43,-0.884,67.98,26.4,-0.7305,2.0869,-1.7411,16,78,47,-72.54,-18.77,-0.0056,-16.01,-64.55,-64.55,-64.55,-64.55
2025-10,Confluence,Multi-Indicator,v3,"{""ema_fast"": 10, ""ema_slow"": 30, ""rsi_len"": 14, ""stoch_len"": 21, ""atr_mult"": 2.0}",67,-64.91,0.562,-0.491,66.58,14.9,-1.0502,9.031,-2.8188,17,43,24,-91.18,20.81,-0.0041,-17.33,-64.91,-64.91,-64.91,-64.91
2025-10,Scalp EMA,Trend-Scalp,v3,"{""fast"": 5, ""mid"": 10, ""slow"": 25, ""atr_mult"": 0.8}",100,-101.45,0.073,-0.901,102.58,15.0,-2.8999,1.5321,-3.682,23,53,47,-95.54,-194.44,-0.0006,-14.04,-101.45,-101.45,-101.45,-101.45
2025-10,Scalp EMA,Trend-Scalp,v1,"{""fast"": 3, ""mid"": 8, ""slow"": 21, ""atr_mult"": 1.0}",97,-109.33,0.033,-0.793,118.67,16.5,-2.9916,0.6107,-3.7031,14,58,39,-64.61,-225.57,-0.0002,-15.07,-109.33,-109.33,-109.33,-109.33
2025-10,Ensemble Vote,Ensemble,default,"{""ema_fast"": 9, ""ema_slow"": 21, ""rsi_len"": 7, ""macd_fast"": 12, ""macd_slow"": 26, ""stoch_len"": 14, ""bb_len"": 20, ""min_votes"": 3, ""atr_mult"": 1.3}",128,-127.89,0.388,-0.849,153.56,21.9,-1.6612,4.8164,-3.475,15,75,53,-44.97,-167.67,-0.0021,-13.97,-127.89,-127.89,-127.89,-127.89
2025-10,Ensemble Vote,Ensemble,v2,"{""ema_fast"": 9, ""ema_slow"": 21, ""rsi_len"": 7, ""macd_fast"": 12, ""macd_slow"": 26, ""stoch_len"": 14, ""bb_len"": 20, ""min_votes"": 3, ""atr_mult"": 1.3}",128,-127.89,0.388,-0.849,153.56,21.9,-1.6612,4.8164,-3.475,15,75,53,-44.97,-167.67,-0.0021,-13.97,-127.89,-127.89,-127.89,-127.89
2025-10,Adaptive Regime,Adaptive,default,"{""adx_len"": 14, ""adx_trend_thresh"": 25, ""adx_range_thresh"": 18, ""ema_fast"": 9, ""ema_slow"": 21, ""bb_len"": 20, ""rsi_len"": 7, ""atr_mult"": 1.5}",68,-244.09,0.01,-0.72,498.87,16.2,-30.0633,1.9244,-36.2364,17,32,36,-115.58,-1928.72,-0.0,-18.16,-244.09,-244.09,-244.09,-244.09
2025-10,Adaptive Regime,Adaptive,v2,"{""adx_len"": 14, ""adx_trend_thresh"": 25, ""adx_range_thresh"": 18, ""ema_fast"": 9, ""ema_slow"": 21, ""bb_len"": 20, ""rsi_len"": 7, ""atr_mult"": 1.5}",68,-244.09,0.01,-0.72,498.87,16.2,-30.0633,1.9244,-36.2364,17,32,36,-115.58,-1928.72,-0.0,-18.16,-244.09,-244.09,-244.09,-244.09
2025-10,Scalp EMA,Trend-Scalp,default,"{""fast"": 5, ""mid"": 13, ""slow"": 34, ""atr_mult"": 1.2}",80,-269.8,0.012,-0.721,408.85,15.0,-20.7824,1.7351,-24.756,13,41,39,-114.71,-1547.88,-0.0,-15.89,-269.8,-269.8,-269.8,-269.8
2025-10,Scalp EMA,Trend-Scalp,v2,"{""fast"": 5, ""mid"": 13, ""slow"": 34, ""atr_mult"": 1.2}",80,-269.8,0.012,-0.721,408.85,15.0,-20.7824,1.7351,-24.756,13,41,39,-114.71,-1547.88,-0.0,-15.89,-269.8,-269.8,-269.8,-269.8
2025-10,Adaptive Regime,Adaptive,v1,"{""adx_len"": 10, ""adx_trend_thresh"": 22, ""adx_range_thresh"": 15, ""ema_fast"": 5, ""ema_slow"": 15, ""bb_len"": 15, ""rsi_len"": 5, ""atr_mult"": 1.2}",97,-298.36,0.016,-0.72,534.5,17.5,-16.9628,1.6158,-20.9108,14,56,41,-89.49,-1555.9,-0.0,-17.1,-298.36,-298.36,-298.36,-298.36
2025-10,Adaptive Regime,Adaptive,v3,"{""adx_len"": 10, ""adx_trend_thresh"": 20, ""adx_range_thresh"": 15, ""ema_fast"": 8, ""ema_slow"": 21, ""bb_len"": 15, ""rsi_len"": 7, ""atr_mult"": 1.0}",102,-327.13,0.019,-0.721,553.11,18.6,-13.4755,1.4278,-16.8871,13,61,41,-81.23,-1293.28,-0.0,-15.16,-327.13,-327.13,-327.13,-327.13
