,open,high,low,close,volume
2024-02-01,42525.90095177913,42738.53045653802,42287.5,42500.0,30000.0
2024-02-02,42367.402026454336,43522.42999198019,42110.28023407999,43471.3726814971,100261.01143456191
2024-02-03,43488.044874926614,44198.51379449158,43433.64129894017,44146.82537172382,46299.70931447942
2024-02-04,44249.83650597057,45072.96668196655,44223.77328875331,45062.07498058951,55612.54568746842
2024-02-05,45111.92500703394,46160.27488718743,44724.4877420694,45949.22849033128,86738.30197375311
2024-02-06,45855.36392866638,46733.923323574854,45330.406534196794,46412.185820094295,47002.30323390176
2024-02-07,46486.30271859523,47112.040344393405,46416.18828913027,47024.42719770201,51164.8699184759
2024-02-08,46967.09289765191,47749.90695502689,46830.55233652461,47656.71891010846,57900.67651849871
2024-02-09,47640.42782422852,48675.565613303756,47453.574094958436,48471.17971645452,83463.12041053259
2024-02-10,48550.16170091286,49407.39437325603,48266.91438561582,49298.31035325679,54115.36047136444
2024-02-11,49427.19025229494,50116.82024853976,49377.90300935445,50105.1220767557,50021.9385949682
2024-02-12,50200.01439761948,50765.53558274975,49577.22909335802,50489.387584351025,42840.6765402579
2024-02-13,50447.71229306198,51651.24272612273,49858.16026049504,51357.4519910159,88551.22600250784
2024-02-14,51305.85546546589,52148.41104883103,51247.546041301226,52111.47291820736,58764.64023624394
2024-02-15,52056.95518673224,53111.29393407533,51946.57746393354,53026.681618045266,104085.78291680667
2024-02-16,52846.398237208974,53860.935660656665,52600.90992590252,53724.522382954034,61870.38961951298
2024-02-17,53655.66054987018,53993.39231821374,53590.20982798463,53963.97599497413,33036.9179113548
2024-02-18,53856.81552819161,54518.48289412155,53785.098666774065,54413.10723832663,44933.020665388816
2024-02-19,54336.48231870051,54880.14076285836,54333.694401611334,54876.59060000888,63280.19647964487
2024-02-20,54860.376957168475,55517.30405039872,54686.42612732318,55442.88714823416,39621.58678037897
2024-02-21,55222.88429221782,56574.88414513251,54697.52108282407,56283.11634541358,97900.10664077249
2024-02-22,56502.49019774422,56918.00102830482,56340.11166340565,56843.14929570746,45978.60157816936
2024-02-23,56681.14255920297,56958.12243861318,56561.69069267078,56915.39717005279,31538.120040722988
2024-02-24,56955.9896187374,57942.172491857105,56647.29806885533,57751.6960773613,83483.15753913736
2024-02-25,57792.00841488907,58275.92581120488,57782.98226584236,58269.68772644517,38900.61872844224
2024-02-26,58301.02673224276,58877.74529413945,58217.43246838183,58839.1816872194,43788.511263209235
2024-02-27,59097.48032125911,59825.73024555424,58801.502965968735,59363.451922031345,43787.312997665045
2024-02-28,59118.277396234786,60465.78855508905,58997.45034658219,60207.61051240385,60063.1505705691
2024-02-29,60264.23827125643,61205.00179962665,59936.67787773168,61003.33855023123,81727.58758604685
2024-03-01,60822.24316339724,62023.03646832111,60182.48621873402,61630.231934678144,48570.14427632957
2024-03-02,61517.06093160056,61628.74859046849,61440.91220836157,61573.46679268509,35267.041946896345
2024-03-03,61382.16041681007,62307.8594902203,60581.70664031407,62028.696397437285,47979.14936251807
2024-03-04,62357.68356102147,62794.371497371096,62326.998380243334,62741.275278338144,62559.64334009934
2024-03-05,62559.61730897326,64272.14534306669,62299.882419879155,63994.668494483485,60714.94144259286
2024-03-06,63821.32091817447,64603.46324178898,63519.36513994001,64358.22923778625,42821.63995873748
2024-03-07,64231.80630797267,64605.64750319034,64136.44366106349,64501.76222776402,51420.5010741804
2024-03-08,64532.72145081547,64807.9481369825,64481.747394792605,64785.69256136899,71766.28073627994
2024-03-09,64705.82594564332,65741.44115959601,64441.150431049515,65345.23482150137,53970.242000049715
2024-03-10,65105.195172273074,67544.45395745641,64751.44814960361,66995.71045748697,76002.90936133178
2024-03-11,66918.69473703355,68117.79472226728,66013.48498422917,67901.60184670326,48390.76145686377
2024-03-12,68032.65060631413,69147.6103574056,67855.2804504384,69096.80338991966,47231.71654995657
2024-03-13,69388.56088225788,69437.0638905632,69135.51744745762,69146.3597365777,36528.19598582772
2024-03-14,68971.44082574637,70074.70989569194,68598.42800025901,69580.73690729277,47905.56194229779
2024-03-15,69303.86275910641,69312.04628710078,69086.33284615807,69100.22940292675,54697.317342302915
2024-03-16,69032.30254495802,69560.64177931822,68498.04785579687,68963.71222081332,44697.87427404848
2024-03-17,68819.72786283294,69977.18060522569,68711.96844328658,69902.00908020174,53063.249214975935
2024-03-18,69920.9853328128,70073.62571980701,68428.191031398,68499.73428490075,93139.52197463533
2024-03-19,68440.67723318869,69284.79847064041,67802.61372182325,67912.63630780365,36510.31185489117
2024-03-20,67764.09429127192,68440.41193186564,67557.44244826373,68253.57781844273,77719.28776684396
2024-03-21,68145.16941297508,68587.74007876331,66368.00917148533,66731.08444976316,137598.06330560247
2024-03-22,67157.3453563047,67860.78306946444,65949.3775594847,66454.09889758227,34186.28427080021
2024-03-23,66220.53268373107,67028.64711591476,66121.44383979183,66882.15250721754,42726.82987532325
2024-03-24,66832.93837632072,67045.88619957173,65733.74448451931,65872.42433512409,49154.94158990927
2024-03-25,65600.72117480749,65653.35993124376,65205.79840530143,65237.61765026522,41961.26089026922
2024-03-26,65329.903799788735,65832.57759947753,64947.31885413958,65639.27495609206,36223.54980046612
2024-03-27,65639.29157459606,65795.56341845708,65444.25660971378,65543.05147635921,34823.12666459553
2024-03-28,65954.62939102197,66561.82275930823,65124.56547505916,65257.58131922966,37000.110549077435
2024-03-29,65308.7088820745,65950.14287440093,65175.53451671793,65270.77955264304,65830.67419007771
2024-03-30,64929.168090543775,66159.33415200294,64361.01640246049,65740.01882133058,98990.21038070727
2024-03-31,65792.0291432643,66130.63712712856,65762.70295295144,66124.36695413194,54904.12646970321
2024-04-01,66154.63125273306,66522.08655927677,65546.81864749224,66199.59993567785,37680.325984322735
2024-04-02,66258.38398677981,66414.62971790283,66123.79598048588,66210.01452840149,26896.28627207601
2024-04-03,65905.34357068934,66205.47820681987,65463.536961424405,65649.3626178841,48393.938678853825
2024-04-04,65583.49211426775,66380.73459921527,64775.129166044695,66047.1124966798,45083.73284733479
2024-04-05,66134.11371851696,66997.27590248009,64735.03307117258,65399.543088359336,63921.423654411454
2024-04-06,65412.59928621424,65782.11030429503,64954.338380173744,65054.808671124985,36075.56688737279
2024-04-07,65017.600366918145,65722.33385917594,64737.18626314448,65312.74450949936,31512.271538732224
2024-04-08,65004.721718770976,65046.4672951589,64173.327301887766,64198.28012008052,78971.77123420309
2024-04-09,64321.06584261462,64748.937853693154,63509.74025329974,63621.8109923888,95790.38169420675
2024-04-10,63493.71351275509,63630.82986228349,63102.21424931068,63189.6454600767,58469.42850854197
2024-04-11,63247.3439371685,63286.40393519352,63072.81272794927,63090.777378952196,52417.93022394602
2024-04-12,62978.89785513219,63120.09162058744,62498.980837895986,62555.397873566035,77735.09603237548
2024-04-13,62714.27306776951,62987.638116810165,62085.743922562215,62192.33373650705,50627.672923379876
2024-04-14,62236.06755214761,62328.73747775081,61722.37026696591,61770.57500919121,37613.54264604498
2024-04-15,61841.622387559546,62360.90651033027,61464.693113138914,62155.8333474206,39161.69101651772
2024-04-16,62017.17830933307,62446.67146829759,61530.04984894666,61726.786686381725,46990.55896304848
2024-04-17,61972.88408702326,62933.26635345535,61452.85930951063,62841.149750770375,78477.92988460702
2024-04-18,62802.47196153092,63686.56839220239,61359.8521839981,61995.37786645232,42143.25408313064
2024-04-19,62238.936135081916,62741.591394552495,61535.29093827418,61907.387630216464,32139.810316600277
2024-04-20,61989.03789157185,62257.24024855122,60361.726726891175,60414.40823867393,69353.21264353182
2024-04-21,60497.66879732851,60908.157814937236,58309.62137943363,58514.752598621926,132848.5946505074
2024-04-22,58648.18959692031,61140.37390104456,58603.3277235242,61106.12913689062,108519.7829067356
2024-04-23,61142.201813610736,61609.079317992735,60450.456082464196,60696.364555663036,34968.79980685749
2024-04-24,60674.961408946605,61035.05187064043,59656.86183630805,59945.71539644104,49081.62965191694
2024-04-25,59526.044533146116,59870.85022821111,58802.75504624133,59065.83476620808,101008.33019183819
2024-04-26,59258.84138826362,59512.812841660416,58129.8038892615,58300.92327858066,51970.744454923784
2024-04-27,58283.7680329476,58859.74152033453,56949.351543455734,57424.0219642407,50412.470227034406
2024-04-28,57168.96688059152,57416.412206233515,56648.33416727926,56914.18466190326,61737.04748338708
2024-04-29,56678.18745989595,56840.02477711168,56298.677642979914,56326.42664460309,135100.13468757825
2024-04-30,56017.041496524755,56205.40578075365,55605.54876158336,55714.22141504993,70792.69771702771
2024-05-01,55604.86276501332,55781.36696343976,55227.85977795997,55332.85226771543,37148.99541009464
2024-05-02,55552.08019655836,56132.81133110767,55416.74308850065,56032.95907584632,53693.63196355529
2024-05-03,56220.32081434607,56737.15953676191,56077.84980461709,56662.774779765605,45125.18282556513
2024-05-04,57015.8372195848,57499.60395790862,56996.10746937715,57488.32327471667,52678.835314755845
2024-05-05,57545.766246479594,57889.333086731305,57536.95958985287,57884.164226492045,44774.7203195033
2024-05-06,57524.18548554889,58557.1344921948,57312.208552793294,58328.343577639636,39973.088660482856
2024-05-07,58521.87586146327,59203.95377701992,58127.39219883599,58908.5608346031,72018.30634026717
2024-05-08,58941.312636481496,59546.711672377714,58628.30997981262,59388.781629296296,50065.54334474755
2024-05-09,59389.9110368674,60548.57130832458,58367.919480889366,59707.88430955662,35303.75672463795
2024-05-10,59811.91522440939,61258.226177837896,59788.819304310884,61238.06058390559,75553.26004054752
2024-05-11,61081.621125963175,61695.61239225962,60716.72647231909,61640.906313084146,37134.928258861386
2024-05-12,61724.85486231474,62201.44256797334,61625.23583979848,62096.861011885616,34742.61401532212
2024-05-13,61725.99148459959,63315.035667507545,61196.86466949136,63133.65113466902,108366.2665864721
2024-05-14,62849.07554760206,65672.6328099292,60997.12659521214,64342.6050417822,127292.9200367821
2024-05-15,64234.592026001366,64865.574375555065,63995.495517873926,64765.36000723439,68397.12907409795
2024-05-16,64748.630988098244,65694.67860153291,64402.363788243085,65591.84506297142,51325.714636746205
2024-05-17,65768.51317046226,66505.42326051176,64996.25696188116,65641.49228958186,31440.759706105062
2024-05-18,65917.93908283173,66584.14706947267,65813.28664507133,66421.54055142567,67971.16979178204
2024-05-19,66733.33349600935,66835.95399118369,66331.0980882728,66486.06049640111,26963.853571580396
2024-05-20,66173.75703921377,67361.63356106154,65898.37973752602,67168.15426166414,67217.81803912001
2024-05-21,67009.65774770672,68012.84519046904,66254.50846096988,66798.11865610258,59090.30958784591
2024-05-22,66747.34322135642,66783.46965205346,66582.56886126239,66616.4990372862,39701.585718001304
2024-05-23,66748.93249822088,67752.80783260119,66582.90559628358,67606.72709536702,71460.94194103182
2024-05-24,67589.0626398052,67886.75354559859,67441.12126352386,67759.7911422115,36431.7715512328
2024-05-25,67579.11698127464,67623.47537020914,66591.10219234714,66613.63126634738,58272.31386060975
2024-05-26,66793.52495420523,66948.71379164609,65809.10988029896,66130.10998183623,49959.88378512642
2024-05-27,66167.40212387864,67109.69288889335,65872.01739827884,66851.39277117244,76785.18952141891
2024-05-28,66889.46665683121,67930.65848682384,66167.88605900196,67550.82424326209,54231.003994295505
2024-05-29,67624.47916354955,68822.18327767457,66030.4949897922,67890.90000010963,95979.15838613229
2024-05-30,68036.40306059775,68861.4448340099,67347.76316061798,67933.73033174769,54367.585624676925
2024-05-31,68262.07772164358,68675.99918682054,67040.9784307724,67486.65373738357,50957.71601592165
2024-06-01,67400.82817551136,67764.96081686403,66447.7081932213,67075.24140533443,53009.19516177219
2024-06-02,67238.75768796151,67468.01603152113,67078.36948105015,67411.4963610847,43163.79432787883
2024-06-03,67669.2335428664,68034.97469258904,67372.87889941387,67650.89532649655,72239.4239110388
2024-06-04,67741.8382959931,69016.37989591593,67354.26152675603,68824.30276483684,78512.4895376485
2024-06-05,68530.34017532096,70052.88036464428,68247.81079646101,69883.31060841553,68750.85086367495
2024-06-06,69933.971365911,71790.65017458102,69611.07381197136,71520.64607664586,54694.07810715129
2024-06-07,71578.34466719588,71716.89860250184,69568.09852590182,69715.33062077768,105807.69080748361
2024-06-08,70000.32186723326,70653.63112867926,69771.21248481153,69996.14691742178,84916.98789277894
2024-06-09,69911.04505628526,70673.69532422356,67791.77942357048,68141.38477535419,106728.11447412045
2024-06-10,67913.78136644757,68716.46140771163,67699.64206622734,68505.80224809134,60328.46058685211
2024-06-11,68927.66474244377,68956.94240782628,68858.25167513585,68935.35686378444,64821.0192498953
2024-06-12,68577.44346956546,68683.0247616047,68229.1579512288,68273.84465141925,44704.35448212106
2024-06-13,68615.46395039205,68908.55298058948,68280.16805602054,68824.53534552715,42181.78797408475
2024-06-14,68861.16296101312,69354.91095471129,67961.53192100098,68522.79353747827,39942.50704861032
2024-06-15,68337.28388325451,68547.82635952304,66225.0382573362,66279.73502173492,99703.74662413458
2024-06-16,66375.58880809911,66648.96459132481,63656.86047293692,63808.43605926663,121741.24877781843
2024-06-17,63671.78235107507,64110.45649271079,63201.98541468789,63363.24303682204,55858.59920642523
2024-06-18,63436.44718446795,64294.93304535007,63206.17912977107,64141.23062394751,44605.75903888308
2024-06-19,64261.51182610613,64878.789986951146,63389.79560329173,63860.44355239384,123976.8827377938
2024-06-20,63777.027609349156,63986.11233005609,62878.06339664696,62926.643398021806,86093.04440068091
2024-06-21,62846.45464334075,62963.96119509004,62013.237935805984,62036.91256008762,231826.26624194585
2024-06-22,61891.29647900097,64283.41055709124,61379.82108692815,63731.71261836523,73383.30311225138
2024-06-23,63944.506285449235,64002.7211407568,62773.76675184499,62824.681256351985,45908.83669514343
2024-06-24,62640.73835172675,62927.647928734186,61417.68620716901,61606.43978070619,55026.635886096774
2024-06-25,61603.91758993538,61989.59071395972,60763.951858747016,60806.933532739116,53026.77984559423
2024-06-26,60585.12973692393,61429.17900797689,60012.11000330177,60888.1267291619,36684.63729076793
2024-06-27,60870.55826326171,61192.80270474628,60549.25895575994,60815.37417959662,35761.59287529859
2024-06-28,61081.960598165366,61243.1745469848,59949.904250285064,59971.79019211868,95711.32700899016
2024-06-29,60052.35876291202,60312.504879630054,60040.65046976118,60306.076415656215,62071.98958476439
2024-06-30,60334.6830405074,60485.38423485825,60115.39599471685,60193.28799595775,43699.87967570115
2024-07-01,60374.18304361613,60882.39138367376,59565.77779352788,60000.24551459616,29179.316289896487
2024-07-02,60167.797080942364,60612.5073472803,59162.27721393401,59767.97559769169,89925.24792245353
2024-07-03,59770.02885925509,60170.67915110483,59658.8778947478,60087.59203889893,40976.359573182264
2024-07-04,59921.59698980169,60353.71664660975,58572.6155707973,58804.118799972275,72935.14780962624
2024-07-05,58916.20612047294,59070.61615106069,58779.33999027239,58830.668758288986,30328.136419548224
2024-07-06,58845.42721000804,59108.289448256284,58347.507365907244,58518.33407898885,77270.68078534823
2024-07-07,58756.95205451428,58863.81245259236,58478.85665485543,58505.078344095564,29263.13094393749
2024-07-08,58313.15745950785,58672.662511941206,58160.986803025255,58511.20981797594,25220.97937127815
2024-07-09,58497.21459825738,58816.483257255255,57749.721128223726,58630.83856696574,72023.24528326475
2024-07-10,58638.615193375605,59313.248663618615,58550.171101581014,59281.502530115424,40682.10154094824
2024-07-11,59059.14077876308,59558.224079403386,58827.07324661015,59375.56924381755,27622.808367885566
2024-07-12,59552.93025357155,59880.838487656816,58976.19116960214,59721.30207447619,77530.13804347943
2024-07-13,59527.14235939697,60138.4396709894,59366.964824594645,60027.67495081935,52702.15583776047
2024-07-14,60003.86281437904,60602.794532278414,59558.621242186826,60296.14705460725,30950.409121155437
2024-07-15,60191.61269023933,60358.99948921779,60102.26690977546,60335.12964242895,43199.44049487119
2024-07-16,60262.366819116774,60321.83472701072,60117.907131566964,60217.41130319389,39115.207728251
2024-07-17,60477.14891925348,61101.606035201046,60033.41196024723,60720.50254953105,68311.28606843499
2024-07-18,60726.13448750987,60784.51335542477,60553.92440883354,60592.312548554815,51867.54000703725
2024-07-19,60876.14600320162,61513.3195923554,60146.32965353362,60569.39702668682,36406.51524237445
2024-07-20,60510.11254793593,60718.81002438302,59800.07919746751,60620.2609906095,57216.077040405726
2024-07-21,60626.73095656931,61369.11660150804,59641.02701617581,61008.795944540005,50284.651572270435
2024-07-22,61590.610050926254,61895.040198490045,60745.19975485587,60984.562858316014,78935.2830564294
2024-07-23,60894.96125587398,61205.96314947918,60498.80538670311,60684.32453982105,35247.56654802084
2024-07-24,60745.600498889704,60962.86711692903,60606.711985466434,60789.02500907066,35979.49018231306
2024-07-25,60525.99713440442,61423.55159110547,60493.1117537656,61413.978323263764,39340.30123332906
2024-07-26,61166.69337354319,62313.0142997451,61007.63877135195,62248.250704617654,42136.73710670176
2024-07-27,62060.03198558291,62408.934822965966,61718.943484190895,62229.861950017614,34916.62965274349
2024-07-28,62227.56206632267,62797.13115096821,62111.8063448863,62710.383005362455,39034.84425390237
2024-07-29,62888.665415327865,63549.52408106934,61403.252182954726,61501.03369086465,54275.83394493317
2024-07-30,61730.73034289711,61824.991436132324,59246.44761961116,59402.09851934481,122104.5161453372
2024-07-31,59302.70772037858,59414.96487196495,57546.65791890598,57592.80163291982,72997.75154237812
2024-08-01,57476.000441160235,57718.98026009053,55397.91778713303,55552.52852125023,101148.27691717833
2024-08-02,55569.61978724192,55605.05636684404,53984.38894194535,54037.36606734605,73433.27991495027
2024-08-03,54000.82090211095,54330.52654319541,52801.2742215236,53214.367700115115,47879.06266118966
2024-08-04,53277.75132816376,53411.453763639256,50871.09208462319,51020.23336770127,90474.03857890476
2024-08-05,51240.07472012017,51362.88029582925,48885.7931499884,48949.770730728014,92132.97025548959
2024-08-06,48822.45160516991,49455.603291435036,48772.7015449476,49431.40475499557,42749.31565371741
2024-08-07,49406.2362911402,50220.71628013992,49280.77198317869,50183.5349406509,44861.43498943138
2024-08-08,50251.030399939395,50954.512192217204,49678.02653292307,50837.12866504914,56085.33337114355
2024-08-09,50661.608723660625,51279.650341695364,50647.14399387543,51271.92898817097,89342.9903264052
2024-08-10,51408.27037262251,51933.98629016601,51249.10950523086,51847.404466404914,48297.92068963502
2024-08-11,51899.64195885905,53592.148919983665,50550.374330039536,52749.69283818138,80742.25579971357
2024-08-12,52821.18480298209,52954.61794807584,51811.77703678675,51843.977010678645,50823.74204483076
2024-08-13,51768.69486963746,52546.51616682373,50808.091585320915,51876.10641478632,36987.316382637684
2024-08-14,51896.49794465494,52282.64638724262,51498.597174567316,51550.984784744396,117658.32766661957
2024-08-15,51436.20258470934,53396.26550864491,51243.89107892677,53301.96452508416,88741.3383702854
2024-08-16,53337.643050813705,55561.48374090749,53158.85555008015,55378.495278229086,112303.0763018376
2024-08-17,55309.9914916378,55800.99724884909,54403.69769903663,54925.12172894499,53529.36234080332
2024-08-18,54962.93466241421,55243.74515327917,54600.70566701698,55193.34022633638,44601.70620371137
2024-08-19,55248.15386204624,55374.66071998909,54814.24260831472,54860.975316738026,42866.43136791193
2024-08-20,55156.2979905616,55573.22260872087,54152.85737930644,54465.86790635503,37125.47210954942
2024-08-21,54485.66809289415,54923.007050511675,54443.06957500041,54887.96398923484,39427.56646816066
2024-08-22,54819.71524109852,54953.26419736019,54235.19852110962,54288.55211197531,57176.37020111514
2024-08-23,54227.503311098575,54645.96103358891,54098.09712866413,54523.939136873174,34937.93287448492
2024-08-24,54442.03140907804,55227.16062186342,54013.52703031883,54773.24273441971,31601.59937790797
2024-08-25,54728.24369378003,55611.19430711887,54635.03167521011,55516.78972715633,82603.08499439881
2024-08-26,55585.046808025494,55839.92970221942,55314.034636164244,55609.76610315901,43166.85968877576
2024-08-27,55615.78195544378,55617.12346049937,55220.797261750384,55222.55152905565,56526.23047149666
2024-08-28,55139.657882916596,55290.34563082312,53384.19891976242,53546.58269139781,129102.73764426303
2024-08-29,53456.98244289507,55261.37311759134,53058.2030773649,55131.08225249075,87780.36902356535
2024-08-30,55246.62040842725,55276.450519850114,54804.88898793547,54818.66331489833,75113.64763987427
2024-08-31,54907.89622449752,55417.65364782573,53886.1214539851,54169.27623643324,54600.48277718915
2024-09-01,54187.09485495191,54995.736269410925,53064.10387771638,53382.768964706294,89900.17941587618
2024-09-02,53448.61745121896,53682.09588137562,53403.517465176126,53660.12360217858,36399.06627858282
2024-09-03,53586.6407081188,54578.44958854773,53329.017058442594,54513.94689282435,58263.69088601147
2024-09-04,54588.36230960235,54901.22478309483,54110.91297090154,54556.04685487265,33226.51420598781
2024-09-05,54518.518952620616,56185.817014157496,54130.58235484296,56014.179032051456,67052.33472603634
2024-09-06,56486.245952410536,56812.91195573941,56400.31857588779,56447.26497802547,47105.28948984445
2024-09-07,56520.5212989593,57392.9179460161,56487.86007125043,57375.22407867432,50064.76838321935
2024-09-08,57109.52655300974,57698.00660594976,56885.35184643821,57535.898248418365,44247.75673436938
2024-09-09,57673.10967207279,57776.46072256972,57549.66833647199,57622.383289683436,57273.55201261583
2024-09-10,57895.372586698395,58158.944605077086,57612.84870706355,58075.366065923015,53074.46407593629
2024-09-11,58182.35816945781,58692.26872036698,57912.245691429096,58582.902733615636,44994.96047124477
2024-09-12,58344.620179629484,58618.690525175225,58160.07841331738,58295.76761862445,57222.93725906984
2024-09-13,58248.255218406346,59555.023602648616,57614.77646224948,59427.42337994721,139076.82298668905
2024-09-14,59629.53850931318,59774.441486454634,59506.65881977128,59536.881229415,27504.584516143415
2024-09-15,59537.43644956459,60500.43305500568,59155.709971469856,60445.63625104766,68369.19065481878
2024-09-16,60766.84579626744,60790.78168362164,60324.448023906574,60361.0811936673,46110.12049167276
2024-09-17,60313.44300466678,60975.34330866588,60161.180819215515,60834.864054727186,63357.93741244967
2024-09-18,60846.12543379919,60883.844217828,60831.32943674193,60871.376998119806,50564.53680539266
2024-09-19,60447.78330100894,63032.271948644295,59891.40537653018,62344.83256590447,61941.9881583141
2024-09-20,62433.31619235476,62532.74979417479,61073.919798078794,61213.603140658786,79873.32084984065
2024-09-21,61390.386356466464,61515.98786422221,60756.047543809655,60817.272846529115,46420.08685241308
2024-09-22,60817.51730400603,61633.5124670406,60617.716790610844,60810.63569888823,27724.405781354446
2024-09-23,60744.36536617909,61966.48756291143,60616.034358596866,61897.168915947455,72120.84525396943
2024-09-24,62353.49169832348,62626.99961784676,61994.823803795036,62481.01787050749,46671.27343472925
2024-09-25,62123.352079163524,62735.8655724256,62079.89371429432,62695.21472356582,67421.35545993566
2024-09-26,62551.89826673292,62947.54271841963,62506.1313152357,62908.91322011872,34332.38879042604
2024-09-27,63070.21527140143,63243.47384915302,62480.33375115542,62530.692023860756,42893.2665134734
2024-09-28,62471.3758400093,62566.95050335078,62083.454384607336,62227.6348673137,48380.426975875125
2024-09-29,62415.71990445921,62468.6168662476,60291.6910737255,60327.16419771249,91451.0288492125
2024-09-30,60104.91894637704,61501.6750553244,59848.94934117001,61410.92405455393,52484.99198603618
2024-10-01,61321.35116204554,61421.48400921374,60277.78964818952,60434.27254928164,79632.99204594175
2024-10-02,60305.12383238862,60878.13032124844,60011.22206899869,60739.8310466543,42952.99106074601
2024-10-03,60650.71159830749,61194.99679817538,60542.55014565696,61176.80635276723,35719.199163374986
2024-10-04,60844.50274767564,63237.54020718049,60303.66174515598,62379.45840505158,81419.01471907231
2024-10-05,62620.97241064392,63123.119110703905,62362.28529422587,63090.31758629402,71901.82950557121
2024-10-06,63228.24202366623,63481.02873050204,62076.72185401493,62286.37619651138,59356.026282636776
2024-10-07,62076.57666564939,64035.950910544336,61590.985918448234,63522.558983376,55158.933363055694
2024-10-08,63584.87649441095,63780.06873759565,63063.87972097267,63210.486187579765,37540.21466644479
2024-10-09,63504.77147827311,64078.21344414765,62769.58111972593,63023.25542712243,34708.09060804552
2024-10-10,63220.809285566946,63755.67633911887,63179.704330890396,63727.09563775069,51950.1608465407
2024-10-11,63428.97074403401,64850.51014149459,62992.98649246164,64614.821383104434,90547.28224259811
2024-10-12,64474.20825222234,65371.26268670414,64251.98059375147,65237.127100145764,44233.28759443405
2024-10-13,65142.748715630885,65726.15738471702,64767.6604354167,65576.26866656383,71686.69981535568
2024-10-14,65566.51901562557,66451.02240807119,65499.12566687031,66400.6738640285,43124.43462067592
2024-10-15,66518.91115917917,67120.1451409005,65531.72955806708,66775.8236865079,35438.446231348884
2024-10-16,66780.50239792092,67426.13762035183,66467.40058250107,67249.64037180315,34604.253192227116
2024-10-17,67490.45163089849,68173.49567301373,66540.13003783555,67616.57197582198,32133.53404317394
2024-10-18,67667.37493668495,68206.52084530015,66843.00408829014,67914.80280952922,62360.42513501623
2024-10-19,67949.37956917581,68357.04127590408,67696.98521823074,68237.81385707874,40832.922587661815
2024-10-20,68410.89561400641,68675.27295687933,67441.42452477495,68446.0318442674,71372.9983329067
2024-10-21,68457.01365966501,69693.08825413883,67790.72553779276,68344.97154929055,46184.543108461454
2024-10-22,67836.33969167962,69205.76682161585,67425.64376602301,68984.43890564289,49224.84584119407
2024-10-23,68740.23383081054,69739.05411891983,68243.95466593353,69587.52899809917,55219.15362295009
2024-10-24,69970.86425470698,70065.14045838488,69874.60084530918,69928.27341385001,57361.8009272834
2024-10-25,69768.73020186526,70545.32652483339,69546.32069631189,70359.40633223702,33470.931441315086
2024-10-26,70563.61739006541,71121.66193604309,70469.9091710828,71083.3951307992,50809.58973006371
2024-10-27,70682.91367829213,71552.03110665774,69944.97548548225,71289.22983873988,42408.878401920396
2024-10-28,71686.91569691368,71939.9371534119,71205.06680081811,71413.47701212153,54549.83146009121
2024-10-29,71242.53826492741,71654.50203562675,71143.053728196,71525.75581437448,28810.955352993882
2024-10-30,71368.62401824468,71976.32378767282,71098.74268610598,71181.58823733058,81445.76084774581
2024-10-31,70905.71354232545,71126.0119845356,70599.54443318631,70647.73845214558,42460.98229798302
2024-11-01,70540.26092848739,70707.21639096134,70279.20918920595,70385.20841424933,31817.72999153693
2024-11-02,70019.23156238481,70277.87223072405,69203.91735049224,69366.33423691067,62473.65052022333
2024-11-03,69642.82103689254,70325.65444333125,68397.72613939444,68911.04731507218,82943.90357818427
2024-11-04,68906.02424058419,69076.5120697887,68471.91648008971,68578.43743464281,62266.590249429435
2024-11-05,68881.61133464263,69413.4529093251,67674.53414758538,67986.14412137226,75898.03189115069
2024-11-06,67628.78884313146,70060.02231772197,67604.85110723876,70050.35942668506,117122.33416761395
2024-11-07,69857.89813541702,72179.24708985811,69504.85019977456,72120.56092950824,68757.22799217467
2024-11-08,71715.70102905291,75378.41266515903,71084.46908906417,74807.97769608069,188005.3031221201
2024-11-09,74491.580474892,77195.2933882267,74187.02889788138,77020.2752815882,71086.37941850927
2024-11-10,76886.10948894189,79198.20913908906,76371.17096652971,78966.53619644286,86028.63901211967
2024-11-11,79088.11303081516,81174.6268400723,78839.72352682233,80964.88693637704,73050.59404095904
2024-11-12,81297.14435263819,82596.2074244363,80975.6685176261,82341.70386794923,57530.46781420058
2024-11-13,82348.62605182668,83882.87311394422,82225.07938581542,83844.68259553867,79620.55901691467
2024-11-14,83890.28929467862,85281.29385722916,83421.56096996831,85097.32797879001,62453.57922597107
2024-11-15,85287.64787365917,86923.25852055647,85186.06740004262,86884.56259026051,122329.79873126613
2024-11-16,86946.32411967212,87957.93356460576,86901.89408795112,87906.81176810683,48327.25723743801
2024-11-17,88202.40035260165,89098.42375176265,87997.66853234591,88829.34258551284,44131.86599574782
2024-11-18,88790.96093844248,89042.8269560483,87887.27792127283,87984.6085110144,132807.3025549818
2024-11-19,87828.02577383445,89886.87881881949,87572.22764849442,89744.04015027818,155061.63356107322
2024-11-20,90139.05246949228,91844.94938778869,90044.76469835597,91794.76946611548,91785.61942671488
2024-11-21,91893.16962821594,92806.0370895947,91026.83093645726,92518.67369829708,50617.06290101407
2024-11-22,92793.0526029162,95536.33603885888,92761.68966395626,95521.88412495417,72810.79594286245
2024-11-23,95015.34434100747,95060.2080712874,93291.03316086018,93339.68687500787,115623.09499925927
2024-11-24,93286.27031010059,93343.2478613767,92608.43284382898,92710.10427136935,38079.793081435826
2024-11-25,93184.55361102399,93852.85241427585,92902.15865607689,93587.67243279726,82026.9210828516
2024-11-26,93805.99643079824,94415.68977610025,93386.66628887768,94120.80367219565,37659.53253629166
2024-11-27,94171.2734015366,94396.55517493216,93698.39312699043,93947.44278120011,44634.41427272861
2024-11-28,93847.7791790871,94721.74166558564,92837.77833060297,93403.67610731113,61012.960778844106
2024-11-29,93072.61264274595,93317.29818926413,92055.94298450458,92221.22611126168,45066.331620824625
2024-11-30,92162.64705862215,92376.41233419295,91209.0589606936,91460.41829037583,53192.729825142495
2024-12-01,91496.7316908804,91534.20017357492,90847.91702913021,90865.30545901501,39477.01870832515
2024-12-02,90406.71013006583,92547.56570138366,90221.7816301744,92470.0244367684,63160.04660035778
2024-12-03,91933.36612355319,92781.8715352161,90996.23819226149,91733.54938374905,105297.19931325303
2024-12-04,91616.73697090104,92733.23324864428,91260.17927469072,92623.82665761794,106005.8244449447
2024-12-05,92795.35160394931,95119.97768983406,92427.6572950696,94892.68546695066,185289.2129292759
2024-12-06,95464.53404607458,96237.08593986848,93616.62242732097,94166.56051542396,64026.34748638316
2024-12-07,94403.83838389748,94512.32242067526,93778.86290722295,93882.03464864242,63008.638637521486
2024-12-08,93380.49669849913,93687.61750678037,92999.27053425435,93535.94140407332,32827.685657272224
2024-12-09,93332.6852257178,93647.41341480057,92633.10915080852,92957.817960502,52023.63412600628
2024-12-10,92754.6278379434,93374.5183846473,92337.16805156031,92521.92847625521,43068.02626896932
2024-12-11,92560.76667782693,94815.01355660573,91888.40357463283,94628.67057304074,61784.32660861832
2024-12-12,94298.37663627802,96368.07526726232,94204.57560155044,96311.9620615562,48912.073783517284
2024-12-13,96248.41471764719,97151.08345316318,96061.40210319894,96952.06752495281,39798.52273246304
2024-12-14,96960.62555441364,98404.94674492812,95953.72714610696,98280.39402698845,44456.77340330845
2024-12-15,98235.27569675884,100117.91791134902,98036.05562450644,99932.54732774802,76965.39266937035
2024-12-16,99229.71873188484,101151.28751945788,98814.48731796675,100822.38014939611,51726.9971693083
2024-12-17,100395.91064518575,101505.70221702414,100257.86212839674,101384.13057217015,40819.85407976081
2024-12-18,101481.71775948118,101594.52169929993,100011.2319657063,100139.75210072953,83422.28119303916
2024-12-19,100480.03393423108,101026.80367667809,97919.52005522823,98181.76613299166,65758.02180227739
2024-12-20,98331.4184446428,98505.5837633363,95254.68085760651,95362.98583885476,93795.25216670489
2024-12-21,95290.7843885338,95306.40718108433,92975.27817360351,93001.6620401151,63332.3133703521
2024-12-22,93814.75082779754,94759.01708581504,91510.08390661763,91707.38310315405,44387.233686619446
2024-12-23,91720.19209528243,92028.00000371986,89806.46331001304,90253.70544164427,69730.04527869611
2024-12-24,89618.96072692386,90086.1803227023,86728.64313017632,87593.01333923376,140618.96563802622
2024-12-25,87374.70442726988,88027.30578845585,87324.66939031205,87954.33327976699,50849.04516463287
2024-12-26,87488.5569519939,88598.86098284117,86703.42942807496,88240.98125249187,48266.49377139806
2024-12-27,88374.14977683788,89527.06348593404,87552.30151643972,89004.92876869794,49229.07653269262
2024-12-28,88973.10892706447,90019.78513703636,88370.12040719595,89421.43634334372,56214.505086551566
2024-12-29,89762.90535977992,90100.65693552261,89389.45154306406,89901.1224671402,35073.893712584875
2024-12-30,90005.89526725844,91275.81428045564,88584.35292909466,89610.51903691806,64731.97565512173
2024-12-31,89314.76788297745,89774.8301165507,89256.58388751891,89711.09950285644,32088.088521524605
2025-01-01,89771.37659561307,90438.84002930038,89770.47461345379,90437.80453194377,54011.81549584542
2025-01-02,90004.23148690251,91842.62665297305,89940.87343722083,91772.92049775724,57580.41952093006
2025-01-03,92045.08186593415,92337.53923259978,91057.84187899774,91095.9202196269,57643.69201285133
2025-01-04,90815.68818204955,91285.38042428427,90498.31273517598,91220.06990160045,32183.05401367266
2025-01-05,91072.75417663786,91919.33421706267,90941.35126444105,91767.54786312729,34773.83514522238
2025-01-06,91334.62667878263,93998.74037273362,90275.7546527508,93185.60784207065,58271.39913901838
2025-01-07,93300.2854101463,93635.05419255148,93094.66849769445,93531.17717049115,29727.311012678478
2025-01-08,93214.68084824666,94367.38637930258,92868.78411965212,94113.66259869013,43276.66216666843
2025-01-09,94650.93137127314,94970.63880667088,94128.08028714059,94222.4667345284,37396.056498817954
2025-01-10,94058.24822841442,94790.44454659193,92543.74170613526,94393.8598671463,93185.61769550735
2025-01-11,94429.70972353508,94723.18144216339,94308.10235366452,94419.13963907768,33340.13131655456
2025-01-12,94715.7994638035,95838.85074753538,94251.58372205855,94918.28968172133,33273.79526142282
2025-01-13,94946.08289382266,95610.17120969125,94314.4210159134,95105.09592081526,56097.10837980321
2025-01-14,95079.1690553798,95907.58687807135,95059.49330977823,95891.98643097529,71196.91091084227
2025-01-15,96155.10178309833,97106.89240568914,95602.98895815058,96344.97774562864,36065.316362919664
2025-01-16,96232.64918008535,98702.73626200705,94941.31717831921,98269.91453281135,72374.10505126615
2025-01-17,98041.53961768869,99757.79339533007,97561.40538845207,99594.24694183514,47593.11556653522
2025-01-18,99362.83670285923,102023.64733640013,99043.85898086739,101745.73771693501,63619.26103853682
2025-01-19,101937.66974523617,103445.7092333249,100661.6358067343,102613.78642799036,43692.89161691876
2025-01-20,102251.7033237246,104190.99205809405,101622.23094656371,104074.09685125794,71100.34065606174
2025-01-21,104029.04805210522,104602.85488652735,103040.10659063999,103499.21696150799,82658.09863155076
2025-01-22,103359.06314983775,103405.32655023083,101809.7657682562,101839.06714782304,93557.27574644117
2025-01-23,101929.78005371448,102688.34938984769,101008.80105042146,102054.44546629394,32551.4894245799
2025-01-24,102302.1912251945,102363.95280743422,101508.96144328099,101572.26406240067,46422.212245358656
2025-01-25,101941.85009023873,102633.07313957786,101030.97001419104,101265.19226299814,40005.90487544563
2025-01-26,100761.39725334238,100766.1651869063,100133.20789096909,100137.65274644717,53902.21782558048
2025-01-27,100039.80881370696,100172.51461873091,99159.12215563872,99375.3053513423,42451.64687007879
2025-01-28,99363.4678795445,99691.9369941686,98951.44654805644,99103.7580128655,65919.85231133936
2025-01-29,98532.64805161658,99187.91456763932,98225.83417296184,98926.63615711263,31017.87883163895
2025-01-30,98347.0797428435,99533.36855401503,97367.9843195467,99044.11896048201,31257.56088433644
2025-01-31,98906.80605345729,99329.73061445027,98253.2028348309,99055.92655543407,50072.719851126356
2025-02-01,98429.58917989046,98761.80245093959,97241.03958722888,97554.05903517181,94609.74456855058
2025-02-02,97751.25316934411,98581.64193176372,96898.88383169132,97478.5401054858,35197.86527355383
2025-02-03,97697.06907130708,97726.05008279637,96204.29112729167,96227.95621389615,55480.13252128269
2025-02-04,96253.34968310592,96376.62327940817,95713.77888879237,95829.40943747513,34603.7325103323
2025-02-05,95660.56163193707,95714.68882255944,95656.01852829836,95708.27196908262,32959.89104308344
2025-02-06,95123.18954643034,95275.99741276795,95101.76529456442,95272.48705714788,41171.670902603015
2025-02-07,95089.12294546071,95197.02723703987,94696.04429959359,94726.4901662683,34029.05434237185
2025-02-08,94529.85681486911,94671.96525436807,94205.20386867225,94235.91532833723,58898.91777046921
2025-02-09,94421.26363263806,94775.92150111057,92768.21310940731,93357.17104394487,60162.91364350796
2025-02-10,93401.20748432007,93708.69344054985,93218.66641452574,93624.5994888616,33175.31353189496
2025-02-11,93869.50300639946,94294.12539173802,93372.62454115249,93614.37223312802,46878.81951825185
2025-02-12,93100.87999530425,93787.31083850443,92667.87021925623,93571.64712308111,43898.187219668864
2025-02-13,93775.12465970824,94824.0072291845,92281.0962545725,92427.07830395004,46610.007802134765
2025-02-14,92501.03923800225,93315.31994318796,91668.93180606415,92737.03253443955,63533.39233950631
2025-02-15,93022.06333037853,93309.99910353107,92495.1763666142,93129.59644729891,31319.13544444837
2025-02-16,92967.10562211138,93903.83262233279,92110.88832240313,93604.75579398444,55036.24573343377
2025-02-17,93449.02395018427,94078.84129895104,92491.97520602058,93967.38548372938,60973.92954167213
2025-02-18,93640.12189977399,96927.05695816781,93613.95704381137,96905.65987483184,175336.39677912465
2025-02-19,96678.77461809969,96851.55643907968,95247.93389852805,95545.00831338977,47375.44122192818
2025-02-20,94671.45007701141,95074.18188169881,93241.38610843677,93351.88907941103,162359.60681766507
2025-02-21,93045.58181680879,95205.16556232549,92174.69823431215,94831.71914885585,74191.67940692823
2025-02-22,94492.48845158308,94931.28120922795,92363.42193770365,92536.84447857641,66545.74309333331
2025-02-23,92059.58723913912,92410.90734402406,90496.57661492843,90694.4143442232,59785.107775377175
2025-02-24,91130.8982015933,91156.90304765574,87143.62399904363,87150.7336417662,177428.8368286025
2025-02-25,86817.48185521936,86881.36224480176,85754.00225933135,85810.34270383911,63961.235810045444
2025-02-26,85346.23157965804,85690.64128247696,85048.18588324377,85139.59896935918,47179.82431276132
2025-02-27,85154.00754397734,85263.47811914077,83339.71498590244,83464.11254509009,66286.02761760518
2025-02-28,83207.57835561088,83927.91350772252,81661.34539994552,82026.6788702146,50791.44897555121
2025-03-01,82067.11490409118,82256.15462949389,81857.08491627559,82155.32792914503,35358.950379591464
2025-03-02,82274.88706667343,82352.48578230031,81746.84096489138,81817.96325563893,34321.5000241043
2025-03-03,81760.0768231545,81839.23330444955,79931.09440534665,80046.1431742872,68776.66155684378
2025-03-04,80231.01539954286,80689.24119201889,77799.15207958383,78167.59913995014,95339.22158008703
2025-03-05,78207.6111981777,78453.94940340279,77682.39627874526,77864.92430134206,44440.031892674546
2025-03-06,77797.2108727748,77879.52421193331,76588.23112207715,76641.86704770065,46780.345782700584
2025-03-07,76731.70473420579,77591.86538608592,76598.50574345843,77397.36745781224,66540.392131354
2025-03-08,77488.38930151258,77660.73889503081,76228.46922787266,76381.05747806092,55042.63771143463
2025-03-09,76228.47614688157,76355.25127851989,72437.2329928601,72532.2297558932,181783.23481664405
2025-03-10,72511.73332814989,73191.25938607562,68513.4334404337,68738.20206852273,151756.91422440627
2025-03-11,69104.68312808177,69297.4093316999,68926.03987795142,69237.64054336413,45126.65997074766
2025-03-12,69270.72875145258,70743.36922944884,69263.5080207333,70736.33320617568,103175.43132990925
2025-03-13,70739.44846397593,72289.7975426591,70465.5250727177,72060.53770007794,84983.73278161521
2025-03-14,71742.35893178784,73334.90474800176,71370.53519906483,73196.76506932975,116667.78053722193
2025-03-15,73484.04332793936,73667.58086740672,72745.66343065907,72788.27800994334,44913.19852810839
2025-03-16,72949.17719672482,73092.71712635306,72517.30173751869,72687.0541164388,29153.037550320812
2025-03-17,72888.24600681957,73713.68084479182,72499.15145073901,73529.3047076935,46136.22124609828
2025-03-18,73309.96640017122,73922.48898106067,73091.34898595254,73611.31964278435,34347.31593013174
2025-03-19,73780.66998314287,75086.007772255,73426.07121388747,74863.13940258135,102014.39397189762
2025-03-20,74875.2190413011,75287.88220786245,73839.23798989624,74039.52608417378,49359.93017926505
2025-03-21,73796.77374704198,74601.10333880596,73216.51048950382,74388.2836941507,42928.705976613375
2025-03-22,74319.32076404053,74566.92674944806,74225.34413065374,74552.94645938913,32257.089263846057
2025-03-23,74509.10836561998,75025.66703625437,74412.7266022127,74963.04559736449,39372.13248180284
2025-03-24,74975.75108965846,75517.91176938266,74287.3238728861,74605.02076032637,47774.261378425785
2025-03-25,74400.20207767011,75127.5273062821,74303.10106945409,75059.88731139126,63669.653704106495
2025-03-26,75290.11262475698,75669.83991819249,74595.23208259756,74838.95776510712,36301.10309336111
2025-03-27,74943.99120003168,75114.40624755078,74813.57761570592,75021.12475753817,51166.12861202489
2025-03-28,75042.41407218663,76193.03955122895,74735.53909974298,75801.9255583956,43614.58618243157
2025-03-29,76152.92475011019,76223.52478884225,75207.44817736412,75302.87357080207,35635.30795638011
2025-03-30,75239.69216363563,76254.2379165068,74958.77940326864,76015.19655307275,45201.30087339674
2025-03-31,76063.4023064211,78052.41725962673,75963.06136860038,77940.1441683085,60271.04020372312
2025-04-01,78054.57213257204,78331.21905171042,77868.79574314917,78278.01672791704,36232.35655191009
2025-04-02,78459.43537985987,78737.88858963807,76809.04800702175,76958.85580570126,53430.50918325582
2025-04-03,76952.3871556979,77344.6558667253,76870.82303038823,77279.04726390605,43976.368974725534
2025-04-04,77526.75645568884,77599.85377129783,76157.39687426353,76200.02526195842,284898.9244410593
2025-04-05,76119.66668086406,77238.6927673857,76039.22539220288,77125.23837056145,56724.93328582527
2025-04-06,77103.26570391227,77198.76430688499,75422.76948471954,75532.7415764593,80515.86638794732
2025-04-07,75375.42264043995,75982.16966739144,73787.76439543208,73885.63476814497,57202.36450882899
2025-04-08,73871.55763197251,74075.85680100365,72554.61049668945,72907.7881037453,82555.03167626535
2025-04-09,73039.23194030894,77000.52963395118,72857.41196708157,76864.84735254804,198068.0299734081
2025-04-10,76744.58338758815,77457.78831235379,75301.28208270871,75567.50193087458,72117.44071045195
2025-04-11,75711.1001814485,76744.47112286328,75543.4586843145,76666.35741896987,74377.72843634858
2025-04-12,76496.5314903919,77424.33781187196,76235.40151962252,77247.5254523565,67407.50246481408
2025-04-13,76965.58657296974,79540.96692021847,76838.60655158252,79401.78993873473,64041.509220154876
2025-04-14,79545.42940925693,80275.76725452964,79384.66282703199,80128.17633747819,38299.75864362403
2025-04-15,79887.22071593869,81896.30075972345,78589.38041932472,81637.86243735474,61050.0294433412
2025-04-16,82130.36556536226,82390.11577130124,81900.85199737002,82328.47690919503,40902.43033807555
2025-04-17,82337.56733124264,82508.17846816899,82275.09111458255,82471.48964084867,37426.45845217623
2025-04-18,82418.25862426027,83802.39874157422,81961.10806584988,83420.30586216865,44495.02286559665
2025-04-19,83571.66155856635,85002.46943234757,82964.57322139404,84413.17947827872,74038.72703862221
2025-04-20,84567.86956296588,84977.98762659199,84277.68574403331,84723.4119998615,33421.283739753824
2025-04-21,85175.40824440548,85461.16275036485,84467.91992093527,84873.03488887973,64996.70177147428
2025-04-22,84707.72014559535,86399.84126979833,83764.12735986836,85803.97883500982,48077.05402152732
2025-04-23,85599.58254927181,86799.82560167188,85290.36598666148,86387.80981412054,37774.60087951164
2025-04-24,86954.30576411913,87096.63786403186,86340.12509313688,86391.11706386894,29230.069641784543
2025-04-25,86801.34427595393,87871.56600259322,86506.46645142378,87361.03341796537,77668.3882801587
2025-04-26,87124.5017147574,87894.04726729519,86862.10913443871,87753.56810569977,39332.65364588699
2025-04-27,88001.71596622266,89729.33792120784,87857.3559673705,89492.71264233808,53054.456497483094
2025-04-28,89478.02569699644,90510.2619777266,88467.25766161417,89929.61531707297,46249.378581820565
2025-04-29,89287.17594948015,91552.19925823667,88790.27922137699,91162.94880070326,52615.53578163433
2025-04-30,91459.57108172814,91959.55068199993,90997.12431042203,91071.00237983842,45618.88939796767
2025-05-01,91017.73133881991,91235.18138427388,90744.96896867684,90833.78402367965,93728.28891503719
2025-05-02,90330.65469177051,92116.25011968054,90195.29702779774,92057.4691588678,77579.43714627372
2025-05-03,92308.34232270972,93651.06577346477,92190.72556375951,93624.29602026849,53340.73703320535
2025-05-04,93470.78837190624,94839.04036830085,92150.24367622122,94229.45834437628,52184.39938679894
2025-05-05,94307.75134222537,95393.56887507408,93966.28422441252,95122.71781350499,53488.69391254144
2025-05-06,95399.8120985767,96488.09761740464,94761.98993575688,96272.84022499398,72566.04657292979
2025-05-07,96149.62880487427,98937.41747454782,95753.14142043484,98230.75855473349,67813.7375232576
2025-05-08,98081.23152420072,98484.0208051895,97979.1005120513,98299.80757657663,29301.45390660581
2025-05-09,98171.61495271475,99185.71156196042,97858.15645116512,99041.82071005528,70566.65283670856
2025-05-10,99425.41831470034,100837.0871276591,99193.12870940081,100802.55307497132,52845.377146820574
2025-05-11,100819.46956290342,101209.1440830738,100614.04575148156,100742.99110294768,44457.04860207951
2025-05-12,101418.2873641114,101589.0588040889,101201.65805492905,101282.76030935571,51989.88999855084
2025-05-13,101286.32032273838,103588.88356335196,100301.14114533391,102072.61830029343,40313.509439235226
2025-05-14,102124.51422559198,103033.25106193696,101506.96872450264,101753.66269154752,29710.034836610917
2025-05-15,101743.4048722638,102171.89897582216,101326.18898262661,101825.38767668494,28265.138074814415
2025-05-16,102145.98448390946,103328.65468412377,101525.82379568252,102848.10556724132,58475.644429957014
2025-05-17,102789.91838769356,103325.08076532741,101958.0511669943,103112.00606577328,32796.49032549037
2025-05-18,103576.63781375434,104111.7091349484,103019.18704236325,103664.6971502663,65484.06870990768
2025-05-19,103726.13598686134,105039.45229394831,103140.19525856618,104502.50914782296,41320.29311929429
2025-05-20,104881.62269269499,106159.97360668449,103533.05057966604,104659.16104326412,41816.6398517886
2025-05-21,104809.97519654587,105800.1923145704,103625.22639166267,104264.13050036096,43947.70282379078
2025-05-22,103987.87237555908,104722.48152984283,103668.95304256071,104542.03786262854,45912.8380768931
2025-05-23,105041.61669042728,105475.97197853743,104739.4821610528,105423.18289044517,56474.56929488441
2025-05-24,105436.66578530348,105875.92623391685,105355.94348008581,105827.20223385462,89160.10290718396
2025-05-25,105663.05972702855,107618.57560805794,104951.28388502455,107286.48521136834,50809.62083489515
2025-05-26,107647.96383774784,107695.75964803068,106388.5590759117,106397.95355911316,63165.936630616365
2025-05-27,106496.52039246469,107152.22962120394,105414.91937510132,105536.1564069391,40497.73131302082
2025-05-28,105332.19461892483,106487.73499437814,104857.15733138483,106155.18641020801,38669.35826656666
2025-05-29,105933.03846431397,106272.28812397033,105403.9712301923,105645.38813509623,38734.955535787325
2025-05-30,104893.5535832124,105096.7977989759,104177.87735672205,104432.6363735232,47706.32354201643
2025-05-31,103981.06418165726,104805.1281448346,103250.24632741543,103774.13311417411,37172.26158722657
2025-06-01,103965.98099638888,105864.70564703045,100220.09820338679,101189.92384659381,94649.66516305106
2025-06-02,101057.64936327602,101926.58272657923,101012.898478734,101893.25694599542,76108.88441075957
2025-06-03,101888.11030014293,102579.93869259063,100955.95186002464,101516.37537627209,41838.933762572226
2025-06-04,101547.58324612571,101756.76095544583,99991.12326077391,100031.53023966128,67754.02236604755
2025-06-05,99736.50666904563,100314.58172416744,99643.60125662827,100133.57035704018,65612.56244301767
2025-06-06,100305.1514526994,100741.19896816833,99550.62926908163,100126.23307530099,51310.23634031988
2025-06-07,100013.25938776729,101296.08500731559,99566.54258547441,101019.59495129125,45898.47993211022
2025-06-08,100897.4129603224,101214.95818920473,100375.02307069192,100985.74388559897,42028.447848857795
2025-06-09,101287.47071245263,101519.61120478142,99994.06190642435,100089.70548976734,39896.86064213503
2025-06-10,99695.40177924743,99765.7218428339,99090.70023249794,99156.49458983669,47171.70445213333
2025-06-11,99025.45694387383,100412.70711918292,98289.52820405966,99784.95056172865,113652.63920103958
2025-06-12,99655.26026406008,99958.35752806904,99059.61294437869,99253.96507550566,64412.18958920445
2025-06-13,98649.02618236128,98938.8210384895,98484.97893035792,98915.80819276972,64264.84544960548
2025-06-14,98654.30295305369,98714.60577901521,98533.25031729403,98691.55001696825,34262.27680413449
2025-06-15,98723.261101247,99172.53474765428,98308.84806698823,98517.60806428218,36026.19001879729
2025-06-16,98516.94299816385,98849.1534324497,96542.83564644949,96773.0671850114,68291.74093594572
2025-06-17,97089.70670682457,98696.57577526451,95403.11290289165,96837.4024024988,29555.347322197318
2025-06-18,97195.27716676521,97448.84613504032,94591.11180989632,94789.40294588289,52580.846165377276
2025-06-19,95135.68527629485,95854.2833326241,94641.67385309475,94999.74009615295,38086.4909980728
2025-06-20,94912.20911979402,96392.68155124516,94698.35003484692,96107.70422719172,105243.09458644199
2025-06-21,95938.59820908202,95947.77112064773,95040.45903704446,95044.91763725989,60833.987181156466
2025-06-22,94983.54396231842,96815.0377495316,94325.86170372301,95696.66276957492,34727.93019254152
2025-06-23,95179.76336301485,98783.38899570683,94365.56458041002,98592.38795977512,98789.78805546163
2025-06-24,98912.52294388824,99234.79743542826,96387.76088773404,96566.45261184034,95538.51913762612
2025-06-25,96608.60815750163,96834.20994376899,96543.05617799997,96787.26118039826,133820.53540373364
2025-06-26,96316.31610780155,97558.94516800526,95743.36049804075,97158.72894581725,32302.172554575704
2025-06-27,97065.29905861198,97686.73327048632,95283.97746738992,95373.31376623506,70056.69574311466
2025-06-28,95951.45907823463,97102.30181606926,94667.50096963534,96581.61522748371,89843.3013480473
2025-06-29,96455.97389871404,98145.73950941332,95834.00310978419,96361.77745987194,41027.17059415625
2025-06-30,96604.48428044874,97811.68346994848,95133.37466033692,96016.97551162817,37765.31395378561
2025-07-01,96399.55225686065,97143.43465074438,94854.72839162074,96425.22277956219,30805.465018790153
2025-07-02,95901.74462144163,96289.86657662624,95689.96629420569,96222.36741410603,36770.1246230106
2025-07-03,96275.16887920973,96321.34012173397,94847.01344183626,94871.82275125437,59507.92809412729
2025-07-04,95232.232615745,95802.03447211174,93919.81276492019,94607.9010301217,46318.39481192938
2025-07-05,94704.34675807544,94922.8621141562,93984.55071894432,94257.39181378596,70284.7473720279
2025-07-06,94344.88515559435,94867.78755664921,93462.69290256599,93870.41382763021,38240.570934091455
2025-07-07,94071.20191775575,94999.09447477869,92525.76269494666,93512.5466604835,32983.82413210448
2025-07-08,92975.65941023026,93859.33642384806,92532.0660054356,93273.985442285,52664.154823195226
2025-07-09,93331.26686764046,94039.53647879773,92625.80637796716,93267.40067614941,44061.18040668848
2025-07-10,93498.84544694146,94252.32351456824,89719.12365098688,90282.13021060404,88979.58419439106
2025-07-11,90175.89721069267,91344.1212875402,88277.79362538298,88939.34183103427,79350.87914119226
2025-07-12,88733.56372087882,89513.6082635772,86484.90569264456,87324.84147067103,58851.35605313754
2025-07-13,87380.23864351866,87620.92463187895,86988.52714267535,87250.30187927066,37668.25839163264
2025-07-14,87036.50552487788,87060.79410205336,86990.61830697098,87015.32734590537,42898.7316856737
2025-07-15,87016.71685723924,87917.96903809712,86434.94937363092,86632.0321871025,48788.11415849838
2025-07-16,86546.4719495177,86713.29914794929,85637.09612335195,85731.23908455005,44336.036260315814
2025-07-17,85708.63008829285,86512.15465970844,85042.94611565593,86193.76976146111,69808.1563867585
2025-07-18,86617.93467075133,86949.56833347834,85789.99110092575,86092.10080893093,35204.827780789194
2025-07-19,85601.94029720487,86642.53287578595,85093.48799952769,86196.8179831113,84719.64570603955
2025-07-20,85951.01839379985,86647.25766077073,85816.19625717925,86598.45800630118,43124.67031052119
2025-07-21,86508.20955311871,87267.29884506016,85451.97836806897,87040.95620156974,82818.27568421133
2025-07-22,86970.09359326353,87773.83450680936,86961.20061920137,87766.27087240123,39031.39285912715
2025-07-23,87644.00006653347,87824.38332416453,86876.15988754593,87052.61882020766,65747.92731171838
2025-07-24,87185.4592561305,88594.10532486715,85790.5087013123,88273.20890771734,90687.56030553
2025-07-25,88536.87254542604,88808.31282754986,88379.46219666883,88508.95310101281,35275.05993247107
2025-07-26,88445.28745700727,90843.59753635143,87509.37260828553,90144.76601655032,49939.943748919315
2025-07-27,90127.64215473678,90458.17420550412,89827.56884578643,90286.78469258743,58828.94804051981
2025-07-28,90326.23017109507,91628.78780388071,89986.53464970135,91571.06147612057,87220.12233373406
2025-07-29,91800.55055031364,92457.77932067959,90041.13383721773,90583.955580728,57126.65839478815
2025-07-30,89806.33262193609,91887.0856950734,89568.02973833343,91711.76550348959,42865.10374545902
2025-07-31,91691.19393408511,92478.3888606594,91135.9786096717,91562.37861166264,28537.764565743637
2025-08-01,91606.85577889839,91958.320948927,90365.96969224964,90821.60026266784,43492.811160827914
2025-08-02,90348.97968671027,91073.11018503229,90221.33112312359,91003.87394218433,40510.02067532603
2025-08-03,90957.58462630911,91545.98834333924,89724.44790524889,90632.08880876086,52544.957447838904
2025-08-04,90625.11764397765,90906.6850429896,89922.14961722647,90126.2491290108,34835.48148227708
2025-08-05,90301.3394038369,90652.92717782865,89485.89739695356,89707.64129048136,45374.102094028494
2025-08-06,89989.15793080568,90128.0787660134,88934.08281026057,89195.57711362641,65387.81806521686
2025-08-07,89300.33625859329,89542.47926079326,88918.30698792312,89012.74365501432,57141.25236087591
2025-08-08,88692.94179688618,89296.37815985194,88407.83514111045,89007.8483395539,26676.923896863856
2025-08-09,88822.40976876274,89989.76547600659,87785.80020856138,88327.27621994684,51395.12213180051
2025-08-10,88143.36735082189,88870.96308389194,87134.84962739551,87727.20804741968,43121.157008134534
2025-08-11,87981.895586436,88361.17695117013,87415.70328795229,87663.3763292316,53148.83380740115
2025-08-12,88356.28714008434,88768.70099268788,87016.20685638596,87190.6024945031,74986.84472877832
2025-08-13,87584.13903625557,87986.66148868742,85446.67332131104,85582.19021750242,48313.07143157018
2025-08-14,85606.44506393168,85611.66412382812,85334.55267359836,85337.86010492829,58947.519396760785
2025-08-15,85716.65533388595,85804.78667112008,84742.02959551946,84787.7222997447,50621.38153589142
2025-08-16,84959.57174253454,85314.41253627374,84640.90320826235,85175.70358384681,34867.70561570778
2025-08-17,85109.36516050647,85972.98419682596,84621.73775017126,85612.51225002302,120064.6961789588
2025-08-18,85640.43104319104,87055.2688065252,84709.942092599,86887.05783364517,71472.43731928735
2025-08-19,86738.53928544249,87953.66301867997,86464.52516690326,87763.94394047406,56821.00995895468
2025-08-20,87765.8415006026,87935.72882784002,86639.57978363738,86839.35807296271,40222.361625094636
2025-08-21,87059.02022044065,87480.93226211751,85510.10460907324,86395.05898219475,35997.82980103183
2025-08-22,86397.436552148,86496.48328700272,86273.4202881876,86320.65031691286,40858.74110637744
2025-08-23,86966.48251984491,87944.69306072715,86177.56276906955,87766.04228039751,83819.15430139232
2025-08-24,87895.91876654643,89029.43629649426,87804.80842505587,89011.29438452914,53419.56983507033
2025-08-25,89303.98067286816,89789.0897608216,88127.07164165798,88353.05477551963,101462.19970376976
2025-08-26,88202.57481865938,88820.05211548654,87778.16604836867,88614.4391551035,30349.740706629913
2025-08-27,88994.83941409197,89387.69746722576,87932.29660785258,88569.00195806811,54541.538635588935
2025-08-28,88602.52493465731,90008.0524960916,88498.14800073877,89869.52950127062,62538.385792457506
2025-08-29,89658.31784889715,91816.85250180775,88270.30930838172,89520.83529201456,30360.613408586632
2025-08-30,89931.55155219602,90680.721874768,89886.6518821544,90658.29058706157,51899.542228088176
2025-08-31,90366.29408680859,92770.89126286234,89832.11679471737,91570.10916688165,49671.53507114646
2025-09-01,91422.53648379691,91942.16303659003,91042.62435319462,91674.69899433713,32139.39200710811
2025-09-02,91881.62265101114,92827.0758931244,90602.81042452031,90801.85120212742,58421.48692872889
2025-09-03,90840.43927320228,91078.15208870984,90226.24749397663,90334.54472278594,40717.094071726904
2025-09-04,90309.0662689419,90867.5217705981,89719.82555271235,90770.93168459444,63806.87565544403
2025-09-05,90792.34028192525,91202.50344228883,90456.17012105718,90667.44744300187,34580.55573090189
2025-09-06,90945.22229770807,91310.05349643521,89815.75139922654,89901.17317662368,76593.72227446626
2025-09-07,89906.57730449217,90720.47998212461,89011.53335244633,89576.52499893509,55716.263427156475
2025-09-08,89576.22409651848,90561.97550753239,88826.47728915163,89144.6775220874,44287.96826185702
2025-09-09,89634.33701097406,89944.36094542142,88376.60471425996,88765.23332500279,33184.953544142
2025-09-10,88426.25156695665,88923.63843615296,88010.73499914222,88173.09502779247,38789.28616615658
2025-09-11,88246.31918469204,88536.7901111582,87342.10651694442,88267.34008036536,42191.74878227297
2025-09-12,88579.32580960881,89242.65068607967,87485.70314982295,87714.49340128053,55392.41255489794
2025-09-13,88088.58527184476,88339.13768452794,87519.4966092468,87577.98903845709,27566.64855107423
2025-09-14,87584.41254815798,88564.52372836936,87345.08830727736,88419.95969637817,45876.157467253266
2025-09-15,88532.02335425043,89561.66860851287,87906.08539216971,89461.03571255563,41975.95307305333
2025-09-16,89381.97843491388,91067.97617138382,87949.8526786826,90065.35331006421,51393.43699650127
2025-09-17,90096.10150424093,90294.44670283476,89946.1078136429,90217.69305344272,51555.48947390522
2025-09-18,90300.08946509806,90617.35193223083,90041.14673367815,90199.2466847454,36663.2857260573
2025-09-19,90190.45920608356,91195.75642228712,89494.45027270248,90889.43318259428,62658.57302484067
2025-09-20,90921.91450185003,91608.35916481326,90682.20221184022,91409.17286375635,38266.039061912714
2025-09-21,91374.8822438814,92154.33376064141,91109.36706288828,91800.40402884952,33863.449923363994
2025-09-22,91746.52940183389,91916.58879610944,89725.28677068785,89817.81744059475,73381.05624773592
2025-09-23,89874.54673447234,90849.94310118999,89175.14398373631,90193.82937226565,44547.425792089976
2025-09-24,90634.17404846128,90959.8176604002,90604.01223673392,90940.07907736363,58334.48806248974
2025-09-25,90609.9521718481,91429.1648531345,89304.88075089632,91195.84948146236,47540.20893455087
2025-09-26,91383.9935004731,93011.30321270607,89962.94562936669,91116.80505665718,37401.5514231464
2025-09-27,90577.29807764711,93116.59367931841,90097.54098058287,92886.94192991509,56243.36414818307
2025-09-28,92788.5067510454,93945.93205042912,92459.45849921204,93831.4244125009,40692.88815517887
2025-09-29,93653.81233627541,95103.359790875,92711.560764349,94479.2007901732,117911.53475994381
2025-09-30,93899.64791380787,95189.08253592471,93170.77949061393,95039.44923314216,34663.458749513215
2025-10-01,94990.8623132393,95002.97029663106,94568.18612412232,94570.90569055072,56419.61954375862
2025-10-02,94648.34670940335,95987.18514613004,94574.27301874572,95958.55205643448,63642.535379934576
2025-10-03,96272.79240712643,96508.48159916437,94579.98274522198,94696.66757277068,66333.80515322923
2025-10-04,94676.21349244875,94934.85278703402,93790.18807527535,94701.3956651097,32370.83813436787
2025-10-05,94758.45807552505,95275.13545736394,94611.46266149243,95168.69887297001,37847.04226651699
2025-10-06,95575.13378120128,96288.4984563155,95159.67104139022,95882.64360061064,38685.806668343954
2025-10-07,95752.86394267195,97510.29911414819,95093.06406431037,96804.3206634363,41763.7189941258
2025-10-08,96712.61130339662,98496.52219730552,95752.90312481463,97798.29449562861,39060.04540727166
2025-10-09,97713.19068168076,98762.3983101549,97711.09947861065,98761.56640118289,48666.37450247218
2025-10-10,99016.08860413208,99183.46542333343,98799.81753257621,98908.11286999228,42064.563507379135
2025-10-11,98653.76776850935,99309.22054939596,98647.3891340265,99306.4497181243,30555.697019269108
2025-10-12,99167.49521621972,99550.56169681766,98797.20065612663,98944.37409419574,41825.027867296994
2025-10-13,99163.8305467816,100276.82262340315,98043.43361101634,98255.22394958782,60100.399070980944
2025-10-14,98620.19110271294,100695.59881575246,98374.54038175703,100553.0662257663,59461.329339852615
2025-10-15,100211.05376675465,103060.21273837073,99163.61410968444,102344.42924383449,94614.65594851588
2025-10-16,102032.47834842073,102508.13792980327,100263.40004235833,100430.61024892853,48694.571780234284
2025-10-17,100444.06542415802,101010.93741877232,100077.37351115294,100709.33350310267,33135.69358626866
2025-10-18,100780.36982140694,102674.55391177504,99778.3922058661,101908.49892344006,41541.66992315678
2025-10-19,102137.43042072056,102348.80603656879,99156.54725104912,99443.01830963856,113825.35323021674
2025-10-20,99542.52567105246,99667.55643311563,97860.46374824144,97888.87632229787,48760.58138119648
2025-10-21,98052.3360621342,98091.24688507621,96347.57589067204,96374.31432863844,78265.32764020708
2025-10-22,96567.56921695216,97018.23907006737,96371.19149615342,96928.95802846823,36692.858585456095
2025-10-23,96601.84333773116,97559.49653326007,94965.72035025647,95661.22293066849,71824.37768512228
2025-10-24,95606.9125063642,96498.54465741802,94373.55044805848,95147.65565820716,35529.86300124026
2025-10-25,95253.93337075127,95843.8968780482,94590.50548713682,95431.3569621817,36758.63087390246
2025-10-26,95508.7953244865,101744.5218866385,95106.98655699994,101294.40066490807,140713.56110967795
2025-10-27,101058.44313549298,103258.98802221056,99237.63255235512,102819.56514038585,68292.1371484983
2025-10-28,102803.65859189534,103080.96448657688,101400.25555440632,101574.12384138608,50886.834163934596
2025-10-29,101677.86366069262,103232.58386780114,100826.7493114112,102980.01798202637,48974.13010715431
2025-10-30,103308.79491892409,103912.17729196513,101289.65757951254,101729.34188648574,42604.041039656244
2025-10-31,101191.81745046796,103868.05424075174,100754.35027870449,103516.58855987206,50057.55554423637
2025-11-01,103210.05881291778,103894.85553979178,102412.0210825206,103215.77420868601,29516.017094119703
2025-11-02,102792.19454498772,106000.32925320635,102429.32691751017,105600.15813430658,109213.49409480297
2025-11-03,105149.65146016788,105869.04861871837,104331.3062986713,104909.76838159963,34996.35929854746
2025-11-04,105242.92597388302,106265.44313126913,104213.62571602727,105542.81402943944,50660.25653621904
2025-11-05,105361.17388894965,106184.35854941599,104713.16755770778,105072.95036732563,30688.101101745542
2025-11-06,105224.15786526508,105346.32567230049,104103.16555394712,104174.75028190279,72459.73845151166
2025-11-07,104155.52514021908,104934.08483162204,103887.8970738324,104668.73861318805,52026.09760219222
2025-11-08,105370.25772732269,106392.67364779938,103940.41833801774,104520.28868678304,46177.93759131185
2025-11-09,103942.04468099534,106384.94681697436,103681.79014159285,106305.90037114531,62773.36437842816
2025-11-10,106502.22141598929,106992.63458794526,105495.69388252674,106205.07612090521,27120.66581651705
2025-11-11,106482.1952801748,106833.96632757442,106128.78300548716,106371.11277243376,36497.43145692382
2025-11-12,106661.23772815945,107385.05970728798,106202.93382542978,107198.2389804128,52293.862060726424
2025-11-13,107281.28958982133,107663.42400715599,106867.03195197372,107360.91988291008,50247.073437974934
2025-11-14,107641.88835312809,107820.6292375327,107489.37707425738,107570.11447981546,45179.7084489186
2025-11-15,107881.89452097933,108008.33674166216,107143.97010485386,107241.52199168726,41088.80447839145
2025-11-16,106959.50955407791,107257.8619866855,106627.50723931505,107158.28071255372,35681.85763145209
2025-11-17,107676.46937883763,107892.03611005787,107030.36103451173,107115.52530878484,31563.722485482776
2025-11-18,107014.9302420823,107637.46387485093,106219.74823969521,106712.6392632581,39555.535802516475
2025-11-19,106591.88552171798,107293.6449014412,105922.9654394606,106685.54133439537,37332.55015064609
2025-11-20,106440.27703067554,106709.47210917163,105604.48629172772,105818.8375921486,46396.16003759353
2025-11-21,106232.963961304,106788.59522218989,105380.82886193413,105739.34041028257,35697.501064326934
2025-11-22,105610.507498911,105952.66149244836,104791.2635520469,105755.75419875234,29552.93741914393
2025-11-23,105931.50551120508,106483.74588296752,105290.51102043365,105412.13396878119,48722.167383974185
2025-11-24,105272.55281445348,105422.14446014843,104868.52666787153,104927.82969277899,50287.76798855185
2025-11-25,105235.05521448741,108279.25894340192,102830.38831311524,104227.79268077674,40526.29592227032
2025-11-26,103912.30579057465,104354.39843172039,103448.57878073845,103615.80050384563,44092.886201720656
2025-11-27,103658.76689648234,104758.59048971826,102873.13531993637,103004.19683052975,63202.68455209275
2025-11-28,103355.01101627754,103655.08316911524,102407.65046479432,102817.57262746088,29278.315518516323
2025-11-29,103057.80477047442,103680.16063122211,102014.50919010116,102616.24589030059,45701.17297212516
2025-11-30,102408.8014987168,102761.70917456868,102281.0867903779,102653.46882329632,34509.554803759434
2025-12-01,102531.05969390644,103211.20929639394,102492.90198644983,103203.51598004348,33352.81081121447
2025-12-02,102869.4594541574,103392.32036171453,101440.54197153676,103166.61327178925,32057.699635507623
2025-12-03,103408.68183650414,104294.40570167516,102248.70330204949,103773.96716645284,32769.94143978189
2025-12-04,103941.86448536228,104697.69626006913,103068.65473152495,104072.97091768142,71237.61432595299
2025-12-05,103821.4104677162,104690.62993880031,103464.26365004966,104600.82524639649,33064.66541888705
2025-12-06,104436.26255466767,105819.73888212374,103869.74342549006,105707.37942058755,74411.96621912988
2025-12-07,105775.72176862496,106901.09626738314,105450.87905242902,106585.83689289255,87652.22535596804
2025-12-08,106495.2932917323,106762.71647634295,106257.52390537303,106353.21943968652,116284.23962781219
2025-12-09,105881.90197159845,107259.34499509232,105693.71790454812,107183.58536696497,54831.37211818923
2025-12-10,106873.28479566512,107310.62466904115,106779.63599776936,107139.2709330488,50166.96282517386
2025-12-11,106924.27155602397,108012.93964872346,106884.46637580654,107969.24274121218,58678.702134684376
2025-12-12,107467.42636878835,108862.28997942053,107180.77413859621,108485.41455476728,67547.87609556864
2025-12-13,108144.63201655463,108513.49137297591,107431.28987872327,107702.66180117859,66221.78299277698
2025-12-14,107102.24875823251,107788.5492614749,106595.82699958885,107555.36225577744,36848.87855073838
2025-12-15,107894.76014747105,109195.80142905712,106754.97839164072,108341.91272605673,38868.92909787477
2025-12-16,108222.73020725625,109520.27060955939,107411.76662649628,108794.80650166323,90676.53241562413
2025-12-17,108781.63937525288,110511.76600886146,107985.89087329092,108408.25502930378,48444.87703263999
2025-12-18,108048.61004196241,108088.78945716914,106692.79058403829,106735.63439039883,62662.33196099236
2025-12-19,107128.97474695613,107135.32700830103,105746.62697539359,105751.11513103584,55624.35439995007
2025-12-20,106644.00800101765,106952.0283331956,105539.67781373444,105645.46628758857,79573.18685154851
2025-12-21,105896.64073271614,107558.80456222002,104579.18156245213,105684.0518093151,49122.27170059777
2025-12-22,105278.46158009718,105851.34490433946,104900.62620464136,105540.77449547187,33451.67978295648
2025-12-23,106150.27652149857,107332.47628178471,104404.84519234221,105246.81756283785,38299.85749751218
2025-12-24,105596.02848999329,105902.94077105248,105140.32347771633,105275.5880294235,27063.157070223417
2025-12-25,105263.66397906558,105953.54348488698,104239.56750727985,105108.97114299792,33201.60678262161
2025-12-26,105569.91576255369,105933.14304969997,104939.52379217063,105190.64264856622,99695.4877877861
2025-12-27,105434.33091325616,105482.96981979648,104342.33735461044,104374.00863498959,49652.14032522737
2025-12-28,104527.89326558771,105335.10678703994,101595.99499900488,102893.90805944304,67548.37413285689
2025-12-29,103182.95775468842,104233.20177813455,102002.561232661,102438.64273097443,74407.69797498574
2025-12-30,102036.33696985706,102491.58391840685,101040.31916209777,101293.09010689938,70696.69349270163
2025-12-31,101298.67972770531,101656.33279108113,101081.77359287458,101310.58218448036,40728.45265935658
2026-01-01,101576.32260584384,102545.87270637053,100879.758495087,101190.5959054533,28780.07141370387
2026-01-02,101118.57054837383,101867.9347714823,100635.28922810814,100994.52569881722,30904.01616245848
2026-01-03,101431.06825368619,101465.79790998141,101114.91438906179,101121.0102657885,36716.45954849167
2026-01-04,101301.41729069529,101498.51098811219,100287.03264925146,100445.80725863356,144545.80194555386
2026-01-05,100494.48068086685,101891.83895863369,99817.05114749179,100272.43685259162,31189.776501030425
2026-01-06,99960.60274000232,100262.36520405753,99775.99558690422,100197.56220386006,37803.71379262714
2026-01-07,100304.80053562943,101337.34620517743,100150.36719885086,101282.44948079815,59534.3134436777
2026-01-08,101482.0220485499,101703.21322093904,100292.16616353112,100427.97570507076,48131.71705784116
2026-01-09,100150.65718009217,101185.5750367833,98951.48269716387,100717.25533378078,37033.85221809289
2026-01-10,100683.36481328077,101915.72790364642,99906.89433325842,100407.41520664288,29696.465537695094
2026-01-11,100549.36632780464,101536.32532402767,100135.74095820727,100493.47605370519,39042.47537337753
2026-01-12,100248.01973894009,100370.40599050315,99714.87933551785,99826.42082666354,36438.04083906934
2026-01-13,99746.64042705805,99988.89117525975,99229.89883653511,99669.20773144103,64038.787813489434
2026-01-14,99839.17691217521,100090.84817932769,98283.58645699773,98718.55403991087,44642.64824728359
2026-01-15,98993.04766668573,99116.3070795898,98780.52428079705,98810.02210393277,48855.73406294851
2026-01-16,98565.06914122908,99282.69232951297,97975.57273527174,99062.26536436225,33236.57430877702
2026-01-17,99472.76324950681,100311.01353612109,98021.33915622391,98394.35623548787,44341.891449265844
2026-01-18,98645.51596813138,98901.1191555131,98228.79100963823,98368.07893354318,38721.385785176986
2026-01-19,98354.79669308489,98619.13227199341,96418.25967697773,96798.09689992026,90070.25004236896
2026-01-20,96960.01374130869,97719.56124271297,95331.93714303443,95621.92473856115,46641.81233853341
2026-01-21,95604.23506902471,95765.50886131836,94422.0730190557,94558.37700068383,39344.57758438308
2026-01-22,94403.20536483939,94611.76321818042,94378.55880262333,94590.9872371741,33826.356542155205
2026-01-23,94484.11983725679,95469.41178295402,93342.99067133741,94177.39103487907,44354.7900017341
2026-01-24,94571.83181979085,95056.87025808395,91552.78156375606,92151.81678837132,110835.51871536243
2026-01-25,92171.20613468782,92704.74118655422,91787.13962919908,91902.23004570349,59994.08364398939
2026-01-26,91891.50228879946,92903.38325967353,91586.3429452679,92826.47451025617,38469.47990719145
2026-01-27,92310.52792337327,92924.77424722305,91390.39106413364,91498.01857524442,50294.56054227333
2026-01-28,91425.12929340411,91708.58707240291,91242.61479145563,91546.14971682256,64008.22200479985
2026-01-29,91528.60839837763,93057.22102086627,90163.96139899,91292.45519222436,45168.38217281944
2026-01-30,91465.217079386,92093.94134299857,90387.68883090404,90641.42726560612,52053.57612181615
2026-01-31,90594.80589331462,91351.43696783963,89890.41618802345,90658.88436846405,45613.56613497449
2026-02-01,90292.78711364216,91072.53505971278,89173.51148912968,90294.04593335917,68940.98126661859
2026-02-02,90219.82645834425,91157.46541397985,89709.26002723712,89975.6014413284,83840.52509342649
2026-02-03,89989.54362354701,90752.91071696313,88883.41559642278,90282.18643855152,39816.22822899733
2026-02-04,90451.00267929805,90657.28849926172,90120.53290709843,90168.87289606784,34691.336870026724
2026-02-05,90170.03814183261,90176.91787215933,89442.54246955994,89445.47387633595,39824.07835635416
2026-02-06,89400.167261204,90561.98522641376,88388.83380605366,88921.6369523206,49554.28991171564
2026-02-07,88958.149951513,89366.96662357346,88165.49335607683,88251.19567564582,146333.43142340716
2026-02-08,88773.6925551168,89088.94462144026,87779.2440314371,88310.09058625995,47721.4135067175
2026-02-09,88142.32237835921,88911.99790921004,87773.50684260123,88581.74723510258,41591.718750444306
2026-02-10,88652.90695393767,90094.59019512568,87723.51902419481,89665.30883335423,97376.68393965058
2026-02-11,89858.54148873869,89933.12741678645,89505.7192584435,89517.28973083742,33266.61477275748
2026-02-12,89305.19925931375,89721.78464509874,88859.95104682703,89269.88666526957,53443.69950065861
2026-02-13,89256.36922099938,89879.16692167941,88388.53694850096,88572.47407891366,41490.17988916285
2026-02-14,88510.7942388003,88619.49623614017,87682.78836533187,87759.86903762518,69708.45860312128
