timeframe,strategy,type,variant,params,total_trades,total_return_pct,profit_factor,sharpe_ratio,max_drawdown_pct,win_rate_pct,avg_trade_pct,avg_win_pct,avg_loss_pct,max_consecutive_losses,long_trades,short_trades,long_return_pct,short_return_pct,score,return_1w,return_1m,return_3m,return_6m,return_1y
2H,BB+Stoch Reversion,Mean-Reversion,default,"{""bb_period"": 20, ""bb_mult"": 2.0, ""stoch_k"": 14, ""atr_stop"": 1.5}",603,8071.37,2.409,0.716,75.45,46.6,1.0413,3.8203,-1.3839,9,287,316,441.51,186.38,0.0229,4.19,18.81,12.31,123.92,1697.01
2H,BB+Stoch Reversion,Mean-Reversion,v2,"{""bb_period"": 20, ""bb_mult"": 2.0, ""stoch_k"": 14, ""atr_stop"": 1.5}",603,8071.37,2.409,0.716,75.45,46.6,1.0413,3.8203,-1.3839,9,287,316,441.51,186.38,0.0229,4.19,18.81,12.31,123.92,1697.01
2H,BB+Stoch Reversion,Mean-Reversion,v4,"{""bb_period"": 30, ""bb_mult"": 2.0, ""stoch_k"": 21, ""atr_stop"": 2.0}",535,4675.83,2.081,0.634,77.5,50.1,1.1113,4.2702,-2.0594,7,254,281,386.71,207.84,0.017,8.27,23.74,12.78,130.63,318.58
2H,BB+Stoch Reversion,Mean-Reversion,v1,"{""bb_period"": 15, ""bb_mult"": 1.5, ""stoch_k"": 10, ""atr_stop"": 1.5}",1038,3031.14,1.793,0.582,83.94,40.7,0.5045,2.8061,-1.0722,17,483,555,336.24,187.48,0.0124,6.4,17.96,2.41,130.18,748.63
4H,EMA+ADX Trend,Trend-Following,default,"{""fast_period"": 9, ""slow_period"": 21, ""adx_threshold"": 20, ""atr_stop"": 2.0}",335,410.46,1.792,0.374,162.78,30.4,1.2286,9.1277,-2.2294,18,177,158,-13.68,425.26,0.0041,-9.38,-12.96,-31.86,36.84,31.26
4H,EMA+ADX Trend,Trend-Following,v2,"{""fast_period"": 9, ""slow_period"": 21, ""adx_threshold"": 20, ""atr_stop"": 2.0}",335,410.46,1.792,0.374,162.78,30.4,1.2286,9.1277,-2.2294,18,177,158,-13.68,425.26,0.0041,-9.38,-12.96,-31.86,36.84,31.26
1D,EMA+ADX Trend,Trend-Following,v5,"{""fast_period"": 5, ""slow_period"": 15, ""adx_threshold"": 15, ""atr_stop"": 1.5}",41,313.23,5.557,3.716,11.81,56.1,3.9999,8.6948,-1.9993,3,18,23,113.53,50.46,1.7488,0.38,9.44,10.9,10.73,81.62
2H,BB+Stoch Reversion,Mean-Reversion,v3,"{""bb_period"": 20, ""bb_mult"": 2.5, ""stoch_k"": 14, ""atr_stop"": 2.0}",345,307.19,1.664,0.377,71.46,46.7,0.6357,3.415,-1.7963,6,167,178,66.51,152.79,0.0088,1.72,7.26,-3.61,46.17,28.72
1D,EMA+ADX Trend,Trend-Following,default,"{""fast_period"": 9, ""slow_period"": 21, ""adx_threshold"": 20, ""atr_stop"": 2.0}",37,234.28,4.149,3.27,17.12,56.8,3.8075,8.8389,-2.7961,3,18,19,97.84,43.04,0.7925,0.4,9.91,10.67,10.57,66.16
1D,EMA+ADX Trend,Trend-Following,v2,"{""fast_period"": 9, ""slow_period"": 21, ""adx_threshold"": 20, ""atr_stop"": 2.0}",37,234.28,4.149,3.27,17.12,56.8,3.8075,8.8389,-2.7961,3,18,19,97.84,43.04,0.7925,0.4,9.91,10.67,10.57,66.16
1D,EMA+ADX Trend,Trend-Following,v1,"{""fast_period"": 8, ""slow_period"": 21, ""adx_threshold"": 18, ""atr_stop"": 1.5}",38,231.65,4.134,3.265,14.54,52.6,3.6866,9.2393,-2.4831,3,19,19,98.01,42.08,0.9286,0.38,9.44,12.32,11.05,69.51
1D,EMA+ADX Trend,Trend-Following,v4,"{""fast_period"": 9, ""slow_period"": 30, ""adx_threshold"": 18, ""atr_stop"": 2.5}",34,229.28,4.39,3.229,13.71,55.9,4.0862,9.469,-2.732,3,17,17,96.23,42.7,1.034,0.38,9.44,11.43,11.85,74.03
1D,EMA+ADX Trend,Trend-Following,v3,"{""fast_period"": 12, ""slow_period"": 26, ""adx_threshold"": 22, ""atr_stop"": 2.0}",36,221.65,4.262,3.217,12.39,55.6,3.7745,8.8768,-2.6033,4,17,19,94.66,41.22,1.1061,0.4,9.91,9.61,8.59,68.85
1D,Donchian+MACD,Hybrid,v4,"{""entry_period"": 10, ""exit_period"": 5, ""atr_stop"": 1.5}",98,159.16,4.053,3.843,6.19,61.2,1.0702,2.3205,-0.9039,4,52,46,83.0,21.88,2.5177,0.0,-0.01,-0.21,-2.38,26.19
1D,Donchian+MACD,Hybrid,v1,"{""entry_period"": 15, ""exit_period"": 7, ""atr_stop"": 2.0}",80,132.49,4.318,3.547,5.58,58.8,1.1551,2.5586,-0.8439,4,44,36,68.87,23.54,2.7432,0.0,-0.01,-1.23,-3.87,23.03
4H,EMA+ADX Trend,Trend-Following,v4,"{""fast_period"": 9, ""slow_period"": 30, ""adx_threshold"": 18, ""atr_stop"": 2.5}",325,119.25,1.662,0.354,166.53,28.3,1.1849,10.5045,-2.4949,19,174,151,-63.57,448.67,0.0035,-9.61,-14.67,-37.07,47.57,39.11
1D,Donchian+MACD,Hybrid,default,"{""entry_period"": 20, ""exit_period"": 10, ""atr_stop"": 2.5}",71,107.33,3.928,3.158,6.43,57.7,1.1283,2.621,-0.9118,4,38,33,62.46,17.65,1.9304,0.0,-0.01,-0.92,-2.27,22.78
1D,Donchian+MACD,Hybrid,v2,"{""entry_period"": 20, ""exit_period"": 10, ""atr_stop"": 2.5}",71,107.33,3.928,3.158,6.43,57.7,1.1283,2.621,-0.9118,4,38,33,62.46,17.65,1.9304,0.0,-0.01,-0.92,-2.27,22.78
4H,Supertrend,Trend-Following,v1,"{""period"": 7, ""multiplier"": 2.0, ""atr_stop"": 1.5}",341,101.0,1.424,0.366,211.88,23.8,0.788,11.1463,-2.439,17,167,174,-60.86,329.58,0.0025,-4.99,-11.53,-26.54,40.25,100.18
4H,EMA+ADX Trend,Trend-Following,v1,"{""fast_period"": 8, ""slow_period"": 21, ""adx_threshold"": 18, ""atr_stop"": 1.5}",373,84.8,1.465,0.36,179.17,28.2,0.6744,7.5498,-2.0193,24,191,182,-102.73,354.29,0.0029,-8.4,-12.42,-23.51,35.94,42.82
1D,Donchian+MACD,Hybrid,v3,"{""entry_period"": 30, ""exit_period"": 15, ""atr_stop"": 3.0}",64,77.51,3.543,2.625,7.46,56.2,0.9877,2.4463,-0.8876,5,35,29,45.47,17.74,1.2472,0.0,-0.01,-1.55,-2.9,23.73
4H,MACD+RSI Momentum,Momentum,v4,"{""rsi_period"": 7, ""rsi_ob"": 70, ""rsi_os"": 30, ""atr_stop"": 2.0}",229,34.29,1.559,0.175,29.05,31.9,0.3872,3.3867,-1.0164,13,111,118,-60.69,149.35,0.0094,-5.86,-5.45,-2.92,-13.5,-19.22
4H,MACD+RSI Momentum,Momentum,v1,"{""rsi_period"": 10, ""rsi_ob"": 65, ""rsi_os"": 35, ""atr_stop"": 2.0}",235,29.0,1.587,0.162,32.37,28.5,0.3441,3.2622,-0.8197,15,121,114,-36.74,117.6,0.008,-4.58,-3.56,-10.93,-22.5,-21.27
1D,MACD+RSI Momentum,Momentum,v4,"{""rsi_period"": 7, ""rsi_ob"": 70, ""rsi_os"": 30, ""atr_stop"": 2.0}",16,8.09,3.567,1.175,1.45,62.5,0.5192,1.1543,-0.5394,2,7,9,5.83,2.48,2.8957,0.0,0.0,0.0,-1.01,2.03
1D,MACD+RSI Momentum,Momentum,v3,"{""rsi_period"": 14, ""rsi_ob"": 75, ""rsi_os"": 25, ""atr_stop"": 3.0}",22,6.92,2.118,0.918,2.37,68.2,0.3268,0.9083,-0.9191,2,11,11,2.0,5.19,0.8197,0.0,0.0,0.33,-0.79,-1.33
1D,MACD+RSI Momentum,Momentum,default,"{""rsi_period"": 14, ""rsi_ob"": 70, ""rsi_os"": 30, ""atr_stop"": 2.5}",21,6.72,2.086,0.892,2.37,66.7,0.3327,0.9587,-0.9191,2,10,11,1.8,5.19,0.7852,0.0,0.0,0.33,-0.79,-1.33
1D,MACD+RSI Momentum,Momentum,v2,"{""rsi_period"": 14, ""rsi_ob"": 70, ""rsi_os"": 30, ""atr_stop"": 2.5}",21,6.72,2.086,0.892,2.37,66.7,0.3327,0.9587,-0.9191,2,10,11,1.8,5.19,0.7852,0.0,0.0,0.33,-0.79,-1.33
4H,MACD+RSI Momentum,Momentum,default,"{""rsi_period"": 14, ""rsi_ob"": 70, ""rsi_os"": 30, ""atr_stop"": 2.5}",285,5.77,1.428,0.138,46.17,30.5,0.3046,3.3278,-1.0237,10,142,143,-76.91,163.73,0.0043,-5.56,-4.75,-6.45,-19.67,-28.16
4H,MACD+RSI Momentum,Momentum,v2,"{""rsi_period"": 14, ""rsi_ob"": 70, ""rsi_os"": 30, ""atr_stop"": 2.5}",285,5.77,1.428,0.138,46.17,30.5,0.3046,3.3278,-1.0237,10,142,143,-76.91,163.73,0.0043,-5.56,-4.75,-6.45,-19.67,-28.16
1D,MACD+RSI Momentum,Momentum,v1,"{""rsi_period"": 10, ""rsi_ob"": 65, ""rsi_os"": 35, ""atr_stop"": 2.0}",17,5.28,2.147,0.778,2.29,52.9,0.3252,1.1499,-0.6025,3,8,9,5.07,0.46,0.7288,0.0,0.0,-0.22,-1.6,1.3
1D,Supertrend,Trend-Following,v3,"{""period"": 10, ""multiplier"": 2.0, ""atr_stop"": 2.0}",20,4.9,1.319,0.243,61.3,25.0,1.2045,19.9066,-5.0296,5,11,9,55.78,-31.69,0.0052,-0.53,-9.88,-16.56,-24.67,3.75
4H,EMA+ADX Trend,Trend-Following,v3,"{""fast_period"": 12, ""slow_period"": 26, ""adx_threshold"": 22, ""atr_stop"": 2.0}",310,-7.33,1.337,0.332,162.95,28.4,0.553,7.7328,-2.2931,21,162,148,-54.22,225.64,0.0027,-8.52,-12.31,-33.53,32.89,2.18
4H,MACD+RSI Momentum,Momentum,v3,"{""rsi_period"": 14, ""rsi_ob"": 75, ""rsi_os"": 25, ""atr_stop"": 3.0}",310,-13.47,1.365,0.127,56.96,30.0,0.3126,3.9004,-1.225,11,153,157,-111.77,208.68,0.003,-5.56,-4.66,-19.13,-31.35,-34.32
1D,BB+Stoch Reversion,Mean-Reversion,v3,"{""bb_period"": 20, ""bb_mult"": 2.5, ""stoch_k"": 14, ""atr_stop"": 2.0}",12,-14.53,0.188,-1.675,16.6,25.0,-1.3478,1.2478,-2.2129,7,7,5,-10.58,-5.6,-0.019,0.0,-1.63,-1.63,-1.63,-6.51
2H,MACD+RSI Momentum,Momentum,v4,"{""rsi_period"": 7, ""rsi_ob"": 70, ""rsi_os"": 30, ""atr_stop"": 2.0}",501,-20.5,1.064,0.044,60.09,30.3,0.0471,2.5862,-1.0588,24,231,270,-62.4,85.99,0.0008,0.0,-6.87,-13.83,-11.35,-3.86
4H,EMA+ADX Trend,Trend-Following,v5,"{""fast_period"": 5, ""slow_period"": 15, ""adx_threshold"": 15, ""atr_stop"": 1.5}",437,-25.04,1.248,0.341,163.49,24.7,0.349,7.0976,-1.8663,16,217,220,-126.64,279.17,0.0026,-10.61,-14.78,-28.89,18.33,8.18
2H,MACD+RSI Momentum,Momentum,default,"{""rsi_period"": 14, ""rsi_ob"": 70, ""rsi_os"": 30, ""atr_stop"": 2.5}",595,-28.19,1.05,0.04,67.06,30.4,0.0392,2.7003,-1.1242,21,298,297,-54.94,78.28,0.0006,0.34,-8.87,-17.4,-25.51,11.32
2H,MACD+RSI Momentum,Momentum,v2,"{""rsi_period"": 14, ""rsi_ob"": 70, ""rsi_os"": 30, ""atr_stop"": 2.5}",595,-28.19,1.05,0.04,67.06,30.4,0.0392,2.7003,-1.1242,21,298,297,-54.94,78.28,0.0006,0.34,-8.87,-17.4,-25.51,11.32
4H,BB+Stoch Reversion,Mean-Reversion,default,"{""bb_period"": 20, ""bb_mult"": 2.0, ""stoch_k"": 14, ""atr_stop"": 1.5}",298,-32.22,0.573,0.205,351.46,52.0,-4.8836,12.5866,-23.8198,11,147,151,-2664.92,1209.6,0.0003,9.75,16.4,46.71,157.5,-5503.58
4H,BB+Stoch Reversion,Mean-Reversion,v2,"{""bb_period"": 20, ""bb_mult"": 2.0, ""stoch_k"": 14, ""atr_stop"": 1.5}",298,-32.22,0.573,0.205,351.46,52.0,-4.8836,12.5866,-23.8198,11,147,151,-2664.92,1209.6,0.0003,9.75,16.4,46.71,157.5,-5503.58
1D,Supertrend,Trend-Following,v1,"{""period"": 7, ""multiplier"": 2.0, ""atr_stop"": 1.5}",24,-32.92,0.576,-0.362,61.3,16.7,-1.4126,11.4978,-3.9947,10,9,15,21.54,-55.45,-0.0034,-0.53,-10.76,-17.47,0.96,-3.89
1D,BB+Stoch Reversion,Mean-Reversion,v4,"{""bb_period"": 30, ""bb_mult"": 2.0, ""stoch_k"": 21, ""atr_stop"": 2.0}",37,-34.63,0.264,-2.221,37.46,27.0,-1.1771,1.5619,-2.1915,9,17,20,-13.87,-29.68,-0.0157,0.0,-4.22,-4.69,-7.39,-19.42
1D,BB+Stoch Reversion,Mean-Reversion,default,"{""bb_period"": 20, ""bb_mult"": 2.0, ""stoch_k"": 14, ""atr_stop"": 1.5}",35,-35.37,0.179,-2.797,35.37,25.7,-1.2881,1.0904,-2.1115,8,17,18,-24.83,-20.26,-0.0141,0.0,-3.0,-4.8,-6.79,-14.09
1D,BB+Stoch Reversion,Mean-Reversion,v2,"{""bb_period"": 20, ""bb_mult"": 2.0, ""stoch_k"": 14, ""atr_stop"": 1.5}",35,-35.37,0.179,-2.797,35.37,25.7,-1.2881,1.0904,-2.1115,8,17,18,-24.83,-20.26,-0.0141,0.0,-3.0,-4.8,-6.79,-14.09
4H,Supertrend,Trend-Following,v4,"{""period"": 14, ""multiplier"": 3.0, ""atr_stop"": 2.5}",213,-40.25,1.378,0.376,147.07,24.9,1.2392,18.1551,-4.3642,12,100,113,-88.16,352.1,0.0035,-5.04,-20.25,-46.14,10.05,47.79
2H,MACD+RSI Momentum,Momentum,v3,"{""rsi_period"": 14, ""rsi_ob"": 75, ""rsi_os"": 25, ""atr_stop"": 3.0}",633,-40.45,1.03,0.024,76.92,29.9,0.0248,2.8323,-1.1703,23,321,312,-59.74,75.43,0.0003,0.34,-11.2,-16.2,-25.44,7.39
4H,Supertrend,Trend-Following,v3,"{""period"": 10, ""multiplier"": 2.0, ""atr_stop"": 2.0}",321,-44.14,1.266,0.34,145.92,24.3,0.6428,12.5864,-3.191,12,158,163,-111.38,317.71,0.0029,-6.9,-11.58,-36.73,25.54,43.7
4H,BB+Stoch Reversion,Mean-Reversion,v3,"{""bb_period"": 20, ""bb_mult"": 2.5, ""stoch_k"": 14, ""atr_stop"": 2.0}",174,-49.03,0.556,0.187,326.98,55.7,-8.4974,19.1015,-43.2648,6,93,81,-2618.11,1139.56,0.0003,2.63,9.09,32.96,263.25,-6110.03
4H,Supertrend,Trend-Following,v5,"{""period"": 7, ""multiplier"": 3.0, ""atr_stop"": 2.0}",242,-53.97,1.134,0.235,84.56,23.1,0.3349,12.2079,-3.2398,17,117,125,-114.06,195.1,0.0032,-3.36,-12.1,-28.72,-50.77,-15.69
1D,BB+Stoch Reversion,Mean-Reversion,v1,"{""bb_period"": 15, ""bb_mult"": 1.5, ""stoch_k"": 10, ""atr_stop"": 1.5}",99,-55.29,0.359,-3.09,55.88,28.3,-0.8331,1.6504,-1.8125,12,41,58,-18.7,-63.77,-0.0199,1.33,-4.41,-7.19,-4.22,-24.17
2H,MACD+RSI Momentum,Momentum,v1,"{""rsi_period"": 10, ""rsi_ob"": 65, ""rsi_os"": 35, ""atr_stop"": 2.0}",516,-58.18,0.85,-0.142,64.54,31.2,-0.1156,2.0967,-1.119,19,251,265,-29.52,-30.15,-0.0019,0.29,-6.29,-14.03,-21.73,-49.3
1D,Supertrend,Trend-Following,v4,"{""period"": 14, ""multiplier"": 3.0, ""atr_stop"": 2.5}",12,-77.09,0.151,-1.539,80.7,8.3,-8.5562,18.3165,-10.9992,11,1,11,-5.06,-97.61,-0.0029,0.37,9.04,15.66,-2.67,-40.43
1D,Supertrend,Trend-Following,default,"{""period"": 10, ""multiplier"": 3.0, ""atr_stop"": 2.0}",16,-84.28,0.012,-1.917,84.28,6.2,-8.2115,1.5577,-8.8627,11,5,11,-19.27,-112.12,-0.0003,-0.53,-9.88,-16.56,-24.17,-50.32
1D,Supertrend,Trend-Following,v2,"{""period"": 10, ""multiplier"": 3.0, ""atr_stop"": 2.0}",16,-84.28,0.012,-1.917,84.28,6.2,-8.2115,1.5577,-8.8627,11,5,11,-19.27,-112.12,-0.0003,-0.53,-9.88,-16.56,-24.17,-50.32
4H,Supertrend,Trend-Following,default,"{""period"": 10, ""multiplier"": 3.0, ""atr_stop"": 2.0}",248,-88.93,0.904,0.059,90.33,19.4,-0.2692,13.1156,-3.4816,13,122,126,-177.22,110.45,0.0006,-4.84,-22.85,-42.21,-63.34,-61.38
4H,Supertrend,Trend-Following,v2,"{""period"": 10, ""multiplier"": 3.0, ""atr_stop"": 2.0}",248,-88.93,0.904,0.059,90.33,19.4,-0.2692,13.1156,-3.4816,13,122,126,-177.22,110.45,0.0006,-4.84,-22.85,-42.21,-63.34,-61.38
2H,Supertrend,Trend-Following,v3,"{""period"": 10, ""multiplier"": 2.0, ""atr_stop"": 2.0}",487,-89.55,0.844,0.031,95.87,22.0,-0.2826,6.9745,-2.326,19,231,256,55.27,-192.88,0.0003,6.16,-11.25,-18.82,-43.25,-19.5
2H,Supertrend,Trend-Following,v1,"{""period"": 7, ""multiplier"": 2.0, ""atr_stop"": 1.5}",546,-90.65,0.768,-0.005,93.73,20.3,-0.3458,5.6404,-1.8733,17,270,276,27.3,-216.1,-0.0,-1.5,-12.62,-30.98,2.32,-52.36
2H,Supertrend,Trend-Following,v4,"{""period"": 14, ""multiplier"": 3.0, ""atr_stop"": 2.5}",292,-90.76,0.737,0.008,93.15,24.3,-0.6551,7.5386,-3.2875,13,145,147,19.82,-211.11,0.0001,-1.59,-1.44,-18.16,-39.05,-46.72
2H,Supertrend,Trend-Following,default,"{""period"": 10, ""multiplier"": 3.0, ""atr_stop"": 2.0}",319,-93.58,0.729,-0.027,95.66,20.1,-0.6589,8.8327,-3.0411,30,165,154,14.54,-224.72,-0.0002,0.46,2.85,-25.31,-21.94,-74.47
2H,Supertrend,Trend-Following,v2,"{""period"": 10, ""multiplier"": 3.0, ""atr_stop"": 2.0}",319,-93.58,0.729,-0.027,95.66,20.1,-0.6589,8.8327,-3.0411,30,165,154,14.54,-224.72,-0.0002,0.46,2.85,-25.31,-21.94,-74.47
2H,Supertrend,Trend-Following,v5,"{""period"": 7, ""multiplier"": 3.0, ""atr_stop"": 2.0}",307,-98.62,0.505,-0.167,99.2,16.3,-1.2326,7.736,-2.9774,26,151,156,-58.72,-319.68,-0.0009,-4.8,-9.04,-34.33,-39.28,-90.54
2H,Donchian+MACD,Hybrid,v4,"{""entry_period"": 10, ""exit_period"": 5, ""atr_stop"": 1.5}",1032,-99.88,0.56,-0.503,99.88,23.4,-0.4328,2.3591,-1.2834,31,546,486,-179.18,-267.42,-0.0028,-4.97,-16.61,-25.52,-55.84,-98.8
2H,Donchian+MACD,Hybrid,v1,"{""entry_period"": 15, ""exit_period"": 7, ""atr_stop"": 2.0}",888,-99.93,0.535,-0.54,99.93,25.3,-0.5546,2.5187,-1.5975,22,479,409,-210.21,-282.24,-0.0029,-4.08,-18.56,-20.24,-56.4,-98.97
2H,Donchian+MACD,Hybrid,default,"{""entry_period"": 20, ""exit_period"": 10, ""atr_stop"": 2.5}",778,-99.97,0.489,-0.609,99.97,26.2,-0.7199,2.6232,-1.908,35,425,353,-238.84,-321.24,-0.003,-5.07,-20.67,-19.99,-56.07,-99.28
2H,Donchian+MACD,Hybrid,v2,"{""entry_period"": 20, ""exit_period"": 10, ""atr_stop"": 2.5}",778,-99.97,0.489,-0.609,99.97,26.2,-0.7199,2.6232,-1.908,35,425,353,-238.84,-321.24,-0.003,-5.07,-20.67,-19.99,-56.07,-99.28
2H,Donchian+MACD,Hybrid,v3,"{""entry_period"": 30, ""exit_period"": 15, ""atr_stop"": 3.0}",626,-99.97,0.472,-0.591,99.97,27.0,-0.8874,2.9344,-2.3007,29,342,284,-230.82,-324.7,-0.0028,-3.32,-20.28,-18.81,-57.29,-99.45
2H,EMA+ADX Trend,Trend-Following,v1,"{""fast_period"": 8, ""slow_period"": 21, ""adx_threshold"": 18, ""atr_stop"": 1.5}",824,-99.98,0.374,-0.579,99.99,22.8,-0.9461,2.4766,-1.9578,22,421,403,-255.28,-524.29,-0.0022,-9.1,-19.74,-33.41,-81.21,-98.88
2H,EMA+ADX Trend,Trend-Following,v5,"{""fast_period"": 5, ""slow_period"": 15, ""adx_threshold"": 15, ""atr_stop"": 1.5}",984,-99.99,0.39,-0.634,99.99,21.3,-0.8575,2.5649,-1.7861,28,504,480,-304.16,-539.62,-0.0025,-9.22,-23.07,-41.09,-84.04,-99.21
2H,EMA+ADX Trend,Trend-Following,default,"{""fast_period"": 9, ""slow_period"": 21, ""adx_threshold"": 20, ""atr_stop"": 2.0}",736,-100.0,0.321,-0.665,100.0,23.8,-1.2367,2.4588,-2.3895,14,381,355,-311.62,-598.6,-0.0021,-10.77,-22.53,-33.41,-80.03,-99.39
2H,EMA+ADX Trend,Trend-Following,v2,"{""fast_period"": 9, ""slow_period"": 21, ""adx_threshold"": 20, ""atr_stop"": 2.0}",736,-100.0,0.321,-0.665,100.0,23.8,-1.2367,2.4588,-2.3895,14,381,355,-311.62,-598.6,-0.0021,-10.77,-22.53,-33.41,-80.03,-99.39
2H,EMA+ADX Trend,Trend-Following,v3,"{""fast_period"": 12, ""slow_period"": 26, ""adx_threshold"": 22, ""atr_stop"": 2.0}",658,-100.0,0.292,-0.643,100.0,23.7,-1.3176,2.2892,-2.4384,23,355,303,-325.81,-541.15,-0.0019,-8.57,-18.07,-36.93,-78.13,-98.63
2H,EMA+ADX Trend,Trend-Following,v4,"{""fast_period"": 9, ""slow_period"": 30, ""adx_threshold"": 18, ""atr_stop"": 2.5}",696,-100.0,0.295,-0.743,100.0,24.1,-1.4788,2.5626,-2.7647,20,364,332,-359.37,-669.88,-0.0022,-10.83,-23.55,-41.41,-82.2,-99.72
4H,Donchian+MACD,Hybrid,v3,"{""entry_period"": 30, ""exit_period"": 15, ""atr_stop"": 3.0}",329,-106.63,1.009,0.029,107.99,28.0,0.0194,8.2242,-3.1656,10,176,153,-232.91,239.29,0.0003,-4.91,-6.06,-14.12,-138.24,-137.14
4H,Donchian+MACD,Hybrid,default,"{""entry_period"": 20, ""exit_period"": 10, ""atr_stop"": 2.5}",401,-109.27,0.946,-0.002,110.74,27.7,-0.0988,6.3094,-2.5515,13,208,193,-223.17,183.56,-0.0,-4.53,-4.89,-9.63,-135.26,-135.68
4H,Donchian+MACD,Hybrid,v2,"{""entry_period"": 20, ""exit_period"": 10, ""atr_stop"": 2.5}",401,-109.27,0.946,-0.002,110.74,27.7,-0.0988,6.3094,-2.5515,13,208,193,-223.17,183.56,-0.0,-4.53,-4.89,-9.63,-135.26,-135.68
4H,Donchian+MACD,Hybrid,v1,"{""entry_period"": 15, ""exit_period"": 7, ""atr_stop"": 2.0}",471,-114.59,0.925,-0.01,116.3,28.9,-0.1126,4.8252,-2.1172,13,234,237,-213.15,160.13,-0.0001,-4.21,-4.35,-4.85,-131.86,-133.48
4H,Donchian+MACD,Hybrid,v4,"{""entry_period"": 10, ""exit_period"": 5, ""atr_stop"": 1.5}",546,-115.87,0.859,-0.063,117.39,27.8,-0.1703,3.7351,-1.677,19,272,274,-197.63,104.64,-0.0005,-4.16,-3.92,-9.4,-128.79,-127.84
4H,BB+Stoch Reversion,Mean-Reversion,v4,"{""bb_period"": 30, ""bb_mult"": 2.0, ""stoch_k"": 21, ""atr_stop"": 2.0}",250,-362.66,0.525,-0.005,359.27,53.2,-7.0403,14.6377,-31.6828,8,120,130,-2963.35,1203.28,-0.0,10.11,19.62,63.01,-1772.42,28731.06
4H,BB+Stoch Reversion,Mean-Reversion,v1,"{""bb_period"": 15, ""bb_mult"": 1.5, ""stoch_k"": 10, ""atr_stop"": 1.5}",516,-603.41,0.543,0.012,358.71,45.3,-3.3736,8.84,-13.5083,15,254,262,-2983.9,1243.1,0.0,12.58,21.92,57.36,-1678.1,44576.92
