entry_date,exit_date,direction,entry_price,exit_price,pnl_pct,pnl_dollar,bars_held,exit_reason
2024-02-04 02:00:00,2024-02-04 10:00:00,SHORT,45502.67039424981,43686.51425944175,3.7913,3601.75,4,signal
2024-02-05 02:00:00,2024-02-05 04:00:00,LONG,42505.968088145266,43986.06969010337,3.2821,3230.3,1,signal
2024-02-05 22:00:00,2024-02-06 00:00:00,SHORT,45701.427122951325,44385.29234829767,2.6799,2719.8,1,signal
2024-02-10 10:00:00,2024-02-10 14:00:00,SHORT,49802.952190879114,49094.57619567879,1.2224,1272.16,2,signal
2024-02-10 20:00:00,2024-02-10 22:00:00,SHORT,49754.18552597084,49280.61830889332,0.7518,791.53,1,signal
2024-02-11 04:00:00,2024-02-11 06:00:00,SHORT,51488.930060617306,50042.88048722955,2.6085,2765.88,1,signal
2024-02-13 14:00:00,2024-02-13 16:00:00,SHORT,52679.712961465695,53103.99039509557,-1.0054,-1092.48,1,signal
2024-02-13 18:00:00,2024-02-13 20:00:00,SHORT,52354.56315855606,51940.153486319905,0.5915,636.65,1,signal
2024-02-16 16:00:00,2024-02-16 18:00:00,SHORT,53858.185022940816,53761.16757087206,-0.0199,-21.5,1,signal
2024-02-18 02:00:00,2024-02-18 04:00:00,SHORT,54559.69658135703,53942.70314460912,0.9309,1007.27,1,signal
2024-02-18 08:00:00,2024-02-18 10:00:00,SHORT,53646.79035371721,53519.99817506892,0.0363,39.68,1,signal
2024-02-21 12:00:00,2024-02-21 22:00:00,SHORT,56787.9249447651,56248.55194379082,0.7498,818.81,5,signal
2024-02-22 02:00:00,2024-02-22 04:00:00,LONG,56230.63688652825,55022.32302331159,-2.3489,-2583.3,1,signal
2024-02-22 08:00:00,2024-02-22 14:00:00,LONG,45350.97573323695,40768.97875812651,-10.3034,-11057.25,3,stop_loss
2024-02-22 16:00:00,2024-02-22 20:00:00,LONG,39588.36256451092,55373.24786683114,39.6725,38491.42,2,signal
2024-02-27 08:00:00,2024-02-27 12:00:00,SHORT,60661.18716368683,59477.670244192246,1.751,2339.19,2,signal
2024-03-01 04:00:00,2024-03-01 06:00:00,LONG,59469.05960666658,59232.44533666444,-0.5979,-811.99,1,signal
2024-03-01 10:00:00,2024-03-01 12:00:00,SHORT,62840.186594183964,65188.6465465513,-3.9372,-5326.9,1,stop_loss
2024-03-01 14:00:00,2024-03-01 16:00:00,SHORT,60209.37546360129,59055.423231001725,1.7166,2231.19,1,signal
2024-03-04 14:00:00,2024-03-04 16:00:00,LONG,61031.37981636041,61975.07258442598,1.3462,1778.38,1,signal
2024-03-05 14:00:00,2024-03-05 20:00:00,SHORT,64157.65443892452,63975.614481492856,0.0837,112.03,3,signal
2024-03-08 02:00:00,2024-03-08 04:00:00,SHORT,65170.29841447587,65696.92823172612,-1.0081,-1351.94,1,stop_loss
2024-03-08 06:00:00,2024-03-08 12:00:00,SHORT,65724.52122588317,65459.39515901622,0.2034,269.72,3,signal
2024-03-10 18:00:00,2024-03-11 00:00:00,SHORT,66472.07063356902,67311.41865393246,-1.4627,-1946.82,3,stop_loss
2024-03-11 02:00:00,2024-03-11 04:00:00,LONG,65519.386245310336,66232.67517268493,0.8887,1164.31,1,signal
2024-03-11 08:00:00,2024-03-11 12:00:00,SHORT,72020.46421295067,67800.47215518024,5.6594,7477.47,2,signal
2024-03-12 02:00:00,2024-03-12 06:00:00,SHORT,103553.49468407324,99096.81612878658,4.1037,5713.55,2,signal
2024-03-12 08:00:00,2024-03-12 10:00:00,SHORT,26938.11913744173,42294.36673158116,-57.2056,-82751.09,1,signal
2024-03-12 10:00:00,2024-03-12 12:00:00,LONG,42294.36673158116,35617.83468242927,-15.9859,-10557.38,1,signal
2024-03-12 14:00:00,2024-03-12 16:00:00,LONG,42155.54350816457,28563.733753818375,-32.442,-18171.58,1,signal
2024-03-12 18:00:00,2024-03-12 20:00:00,LONG,28883.302553473102,40101.90046440478,38.6411,14973.21,1,signal
2024-03-17 02:00:00,2024-03-17 04:00:00,LONG,68735.71139952743,68778.6181053718,-0.1376,-72.88,1,signal
2024-03-17 14:00:00,2024-03-17 16:00:00,SHORT,69440.87700080681,69536.94953781432,-0.3384,-179.0,1,signal
2024-03-17 18:00:00,2024-03-17 22:00:00,SHORT,69702.5762582115,69905.81422807022,-0.4916,-259.23,2,signal
2024-03-18 00:00:00,2024-03-18 06:00:00,SHORT,70218.44590234579,70066.64733588474,0.0162,8.49,3,signal
2024-03-19 02:00:00,2024-03-19 06:00:00,LONG,67480.50586696985,67825.27205123943,0.3109,163.22,2,signal
2024-03-21 14:00:00,2024-03-21 18:00:00,SHORT,70350.64605539384,66757.12026100737,4.908,2584.15,2,signal
2024-03-21 22:00:00,2024-03-22 00:00:00,LONG,66649.69933741196,66177.40283531255,-0.9086,-500.71,1,signal
2024-03-22 08:00:00,2024-03-22 10:00:00,LONG,65782.30958739572,65842.3458774923,-0.1087,-59.4,1,signal
2024-03-25 02:00:00,2024-03-25 10:00:00,LONG,65553.10753211686,65358.2920714004,-0.4972,-271.34,4,signal
2024-03-27 10:00:00,2024-03-27 12:00:00,SHORT,66590.5211416657,67091.16405790392,-0.9518,-517.81,1,stop_loss
2024-03-27 14:00:00,2024-03-27 18:00:00,SHORT,67013.58313703572,65732.89736297204,1.7111,920.99,2,signal
2024-03-30 02:00:00,2024-03-30 04:00:00,LONG,65732.85892966967,64881.40322130377,-1.4953,-816.52,1,stop_loss
2024-03-30 08:00:00,2024-03-30 12:00:00,LONG,60247.43197810952,63406.03173422257,5.0427,2719.23,2,signal
2024-04-03 02:00:00,2024-04-03 14:00:00,LONG,65849.83283485005,65756.90657047048,-0.3411,-192.76,6,signal
2024-04-03 20:00:00,2024-04-03 22:00:00,LONG,65624.64038481496,65649.48206098219,-0.1621,-91.33,1,signal
2024-04-05 02:00:00,2024-04-05 04:00:00,SHORT,65156.37255860073,65286.48444903661,-0.3997,-224.78,1,signal
2024-04-05 04:00:00,2024-04-05 06:00:00,LONG,65286.48444903661,65585.66399078471,0.2583,144.69,1,signal
2024-04-05 10:00:00,2024-04-05 20:00:00,LONG,64789.963657275875,65259.10897963773,0.5241,294.34,5,signal
2024-04-08 08:00:00,2024-04-08 10:00:00,LONG,64083.19665860044,64609.01586853665,0.6205,350.23,1,signal
2024-04-08 20:00:00,2024-04-09 00:00:00,LONG,63213.98702592579,80920.28092787444,27.8101,15788.78,2,signal
2024-04-09 02:00:00,2024-04-09 04:00:00,SHORT,59840.902014364394,66681.5413438327,-11.6314,-8364.59,1,stop_loss
2024-04-09 10:00:00,2024-04-09 12:00:00,LONG,53502.61140232623,55092.23873857891,2.7711,1768.71,1,signal
2024-04-09 18:00:00,2024-04-09 22:00:00,LONG,36680.90287237209,41732.77533122626,13.5725,8890.91,2,signal
2024-04-10 00:00:00,2024-04-10 02:00:00,LONG,64298.5428984165,61958.557482772136,-3.8393,-2839.25,1,signal
2024-04-13 06:00:00,2024-04-13 10:00:00,SHORT,65575.05591101892,64199.50696116296,1.8977,1352.2,2,signal
2024-04-17 02:00:00,2024-04-17 06:00:00,LONG,60009.01099001209,59458.18693719541,-1.1179,-809.6,2,stop_loss
2024-04-17 08:00:00,2024-04-17 18:00:00,LONG,56517.47018316838,60013.849461005266,5.9864,4296.5,5,signal
2024-04-20 20:00:00,2024-04-21 00:00:00,LONG,59205.551716035356,60679.7049433914,2.2899,1736.95,2,signal
2024-04-22 00:00:00,2024-04-22 06:00:00,LONG,57500.11947762937,60505.72223081537,5.0271,3896.18,3,signal
2024-04-26 20:00:00,2024-04-26 22:00:00,LONG,58452.22093691837,58287.40935665758,-0.482,-391.37,1,signal
2024-04-27 08:00:00,2024-04-27 10:00:00,LONG,57692.78415739245,57873.298572401385,0.1129,91.25,1,signal
2024-04-30 02:00:00,2024-04-30 04:00:00,LONG,49634.72571865484,48234.857157680024,-3.0203,-2439.48,1,stop_loss
2024-04-30 06:00:00,2024-04-30 08:00:00,LONG,45551.14317096148,48937.968578878834,7.2352,5687.02,1,signal
2024-05-03 14:00:00,2024-05-03 16:00:00,SHORT,56603.152754552466,56489.58306731618,0.0006,0.54,1,signal
2024-05-04 02:00:00,2024-05-04 10:00:00,SHORT,57291.75452773871,57391.21627714413,-0.3736,-313.85,4,signal
2024-05-05 02:00:00,2024-05-05 04:00:00,SHORT,58036.125818895314,58339.359934683955,-0.7225,-604.78,1,signal
2024-05-05 06:00:00,2024-05-05 12:00:00,SHORT,59098.72726329083,57938.34096427829,1.7635,1466.02,3,signal
2024-05-09 04:00:00,2024-05-09 10:00:00,SHORT,59672.428497682835,59719.87899872481,-0.2795,-236.26,3,signal
2024-05-10 02:00:00,2024-05-10 08:00:00,SHORT,60352.19940665143,60456.41520702924,-0.3727,-314.17,3,signal
2024-05-10 14:00:00,2024-05-10 22:00:00,SHORT,61148.60843571521,61250.36254532851,-0.3664,-307.79,4,signal
2024-05-13 02:00:00,2024-05-13 10:00:00,SHORT,66447.36071317592,67580.17467702819,-1.9048,-1597.38,4,stop_loss
2024-05-13 12:00:00,2024-05-13 14:00:00,SHORT,64255.87651486978,64965.966043103566,-1.3051,-1072.69,1,signal
2024-05-18 22:00:00,2024-05-19 08:00:00,SHORT,66416.8450143423,66724.28312635818,-0.6629,-538.09,5,signal
2024-05-20 08:00:00,2024-05-20 14:00:00,SHORT,68320.95731261729,67599.60199120798,0.8558,690.33,3,signal
2024-05-23 10:00:00,2024-05-23 12:00:00,SHORT,67158.92332384223,66939.54940522039,0.1266,102.99,1,signal
2024-05-23 22:00:00,2024-05-24 02:00:00,SHORT,67605.3963189153,67366.83023979873,0.1529,124.47,2,signal
2024-05-24 06:00:00,2024-05-24 08:00:00,LONG,67223.12030634639,67462.49550811076,0.1561,127.27,1,signal
2024-05-25 02:00:00,2024-05-25 04:00:00,LONG,67686.24440354564,68193.80866409399,0.5499,449.0,1,signal
2024-05-25 06:00:00,2024-05-25 10:00:00,SHORT,69748.29940464908,69197.07434750111,0.5903,484.53,2,signal
2024-05-25 12:00:00,2024-05-25 14:00:00,SHORT,67826.3007702606,69208.28696739454,-2.2375,-1846.9,1,signal
2024-05-25 16:00:00,2024-05-25 18:00:00,SHORT,66060.02275530648,64733.51047254214,1.808,1460.66,1,signal
2024-05-25 20:00:00,2024-05-26 00:00:00,LONG,64395.54279781594,66700.22083371555,3.3789,2776.64,2,signal
2024-05-28 04:00:00,2024-05-28 08:00:00,SHORT,68069.79632742249,67129.63661561091,1.1812,1001.78,2,signal
2024-05-28 22:00:00,2024-05-29 00:00:00,SHORT,67538.20673116147,67369.19545537885,0.0502,43.09,1,signal
2024-05-29 06:00:00,2024-05-29 10:00:00,SHORT,69385.40389764811,68655.00351740846,0.8527,731.64,2,signal
2024-05-31 22:00:00,2024-06-01 00:00:00,LONG,67488.9832237692,67545.08053105084,-0.1169,-101.1,1,signal
2024-06-01 12:00:00,2024-06-01 14:00:00,SHORT,68129.9343873397,67908.15515764216,0.1255,108.46,1,signal
2024-06-01 20:00:00,2024-06-02 00:00:00,LONG,66830.30318767684,67064.80719223435,0.1509,130.53,2,signal
2024-06-04 02:00:00,2024-06-04 04:00:00,LONG,66238.3693453596,65384.337348678346,-1.4893,-1287.99,1,stop_loss
2024-06-04 06:00:00,2024-06-04 08:00:00,LONG,65958.00916418491,66231.154380928,0.2141,182.87,1,signal
2024-06-04 20:00:00,2024-06-04 22:00:00,SHORT,68993.08802903448,68727.98467970178,0.1842,157.68,1,signal
2024-06-07 02:00:00,2024-06-07 08:00:00,SHORT,76923.7246375942,74831.48466682095,2.5199,2160.33,3,signal
2024-06-09 22:00:00,2024-06-10 00:00:00,LONG,67970.00235459399,67910.16877748889,-0.288,-252.84,1,signal
2024-06-14 02:00:00,2024-06-14 04:00:00,SHORT,66709.33130958164,66640.63665922632,-0.097,-84.94,1,signal
2024-06-14 04:00:00,2024-06-14 06:00:00,LONG,66640.63665922632,65466.536986436986,-1.9618,-1712.79,1,stop_loss
2024-06-14 08:00:00,2024-06-14 10:00:00,LONG,60867.41444264226,58593.898335304,-3.9352,-3371.38,1,stop_loss
2024-06-14 12:00:00,2024-06-14 16:00:00,LONG,57495.3946009274,58926.690009591,2.2894,1891.8,2,signal
2024-06-15 04:00:00,2024-06-15 06:00:00,LONG,56575.24936911942,58569.513928212626,3.325,2807.27,1,signal
2024-06-21 10:00:00,2024-06-21 12:00:00,LONG,62399.01714732585,62523.48384366914,-0.0005,-0.46,1,signal
2024-06-21 16:00:00,2024-06-21 20:00:00,LONG,61696.38921753903,61813.06430294546,-0.0109,-9.48,2,signal
2024-06-22 02:00:00,2024-06-22 04:00:00,SHORT,68618.23579037485,70517.53788118134,-2.9679,-2589.51,1,stop_loss
2024-06-22 06:00:00,2024-06-22 08:00:00,SHORT,80976.03039356979,84762.3759952279,-4.8759,-4134.24,1,stop_loss
2024-06-22 10:00:00,2024-06-22 12:00:00,SHORT,95834.89970900436,102123.92146391654,-6.7624,-5467.79,1,stop_loss
2024-06-22 14:00:00,2024-06-22 18:00:00,SHORT,101411.88347100565,58440.55976434965,42.1731,31842.93,2,signal
2024-06-26 02:00:00,2024-06-26 04:00:00,LONG,48684.84399613207,45376.29514126632,-6.9958,-7384.17,1,stop_loss
2024-06-26 06:00:00,2024-06-26 10:00:00,LONG,34037.50318534042,41283.42726679715,21.0881,20822.6,2,signal
2024-07-01 14:00:00,2024-07-01 16:00:00,LONG,59790.549811786426,59868.838612673215,-0.0691,-81.85,1,signal
2024-07-02 12:00:00,2024-07-02 16:00:00,SHORT,61016.22779510358,59686.516461288,1.9793,2344.35,2,signal
2024-07-04 02:00:00,2024-07-04 04:00:00,LONG,59485.97119189741,60417.80117812508,1.3665,1648.95,1,signal
2024-07-04 08:00:00,2024-07-04 12:00:00,SHORT,61944.11944767619,58862.13696777245,4.7754,5837.41,2,signal
2024-07-04 16:00:00,2024-07-04 22:00:00,LONG,58223.165430903675,58718.55250919746,0.6508,831.67,3,signal
2024-07-08 02:00:00,2024-07-08 04:00:00,LONG,58879.009202466936,58788.87563482135,-0.3531,-453.97,1,signal
2024-07-08 08:00:00,2024-07-08 10:00:00,SHORT,59134.68879199804,59149.470912890654,-0.225,-288.32,1,signal
2024-07-08 20:00:00,2024-07-08 22:00:00,LONG,58202.76578284263,58496.39478088069,0.3045,389.35,1,signal
2024-07-09 06:00:00,2024-07-09 10:00:00,LONG,57748.00357926373,58780.43220015023,1.5878,2036.2,2,signal
2024-07-12 08:00:00,2024-07-12 10:00:00,SHORT,59584.41915181371,59711.13989160625,-0.4127,-537.19,1,signal
2024-07-13 10:00:00,2024-07-13 16:00:00,SHORT,60180.734902178585,60159.89832227202,-0.1654,-214.43,3,signal
2024-07-17 02:00:00,2024-07-17 04:00:00,SHORT,60446.93220063049,60430.41337756978,-0.1727,-223.54,1,signal
2024-07-17 08:00:00,2024-07-17 12:00:00,SHORT,60521.09912054338,60716.68278839737,-0.5232,-677.01,2,stop_loss
2024-07-17 14:00:00,2024-07-17 20:00:00,SHORT,60682.326633958786,60714.50690695534,-0.253,-325.41,3,signal
2024-07-19 16:00:00,2024-07-19 18:00:00,SHORT,60835.88317958635,60868.35213375611,-0.2534,-325.06,1,signal
2024-07-20 02:00:00,2024-07-20 04:00:00,LONG,60655.64854340933,60347.49618083246,-0.708,-906.18,1,signal
2024-07-20 06:00:00,2024-07-20 10:00:00,LONG,60383.8829182311,60590.19076806457,0.1417,180.09,2,signal
2024-07-21 08:00:00,2024-07-21 10:00:00,LONG,60261.27055977091,60081.93040805056,-0.4976,-633.43,1,signal
2024-07-21 12:00:00,2024-07-21 14:00:00,LONG,60138.98731257457,60122.90198810747,-0.2267,-287.28,1,signal
2024-07-22 02:00:00,2024-07-22 08:00:00,SHORT,67176.01293768741,62524.68217927099,6.7241,8500.69,3,signal
2024-07-25 12:00:00,2024-07-25 14:00:00,LONG,59930.36709480338,60087.4811740117,0.0622,83.6,1,signal
2024-07-25 18:00:00,2024-07-25 20:00:00,LONG,60830.77429365928,60839.09375289184,-0.1863,-250.75,1,signal
2024-07-29 02:00:00,2024-07-29 04:00:00,SHORT,62414.98488595412,62075.099003068266,0.3446,462.87,1,signal
2024-07-29 08:00:00,2024-07-29 10:00:00,LONG,62239.59604449267,62222.45211404875,-0.2275,-306.68,1,signal
2024-07-29 14:00:00,2024-07-29 16:00:00,LONG,61927.428258826054,62092.28746700564,0.0662,89.05,1,signal
2024-07-30 00:00:00,2024-07-30 02:00:00,LONG,62222.28995487886,61649.96630946998,-1.1198,-1506.93,1,signal
2024-07-30 06:00:00,2024-07-30 08:00:00,LONG,61381.034830073666,60483.94781007438,-1.6615,-2208.23,1,stop_loss
2024-07-30 10:00:00,2024-07-30 18:00:00,LONG,60680.2549242517,59706.98962181247,-1.8039,-2359.69,4,stop_loss
2024-07-30 20:00:00,2024-07-31 00:00:00,LONG,58778.550000893396,59212.78029688682,0.5388,693.92,2,signal
2024-07-31 04:00:00,2024-07-31 12:00:00,LONG,57641.92209624633,57232.669784006786,-0.91,-1178.07,4,signal
2024-08-04 00:00:00,2024-08-04 12:00:00,LONG,51858.17874730495,49957.739899219545,-3.8647,-4950.53,6,stop_loss
2024-08-04 14:00:00,2024-08-04 20:00:00,LONG,49372.05301713882,50629.26333211065,2.3464,2901.02,3,signal
2024-08-07 08:00:00,2024-08-07 10:00:00,LONG,48335.47159358878,48988.71704550408,1.1515,1455.39,1,signal
2024-08-08 04:00:00,2024-08-08 08:00:00,SHORT,50599.11650706391,50792.827471259894,-0.5828,-744.72,2,signal
2024-08-08 10:00:00,2024-08-08 12:00:00,SHORT,50585.542901796245,50581.99846323562,-0.193,-245.23,1,signal
2024-08-11 10:00:00,2024-08-11 12:00:00,SHORT,52402.461837395706,52822.597707734545,-1.0017,-1272.6,1,stop_loss
2024-08-11 14:00:00,2024-08-11 22:00:00,SHORT,52755.02320392036,52753.84517354567,-0.1978,-248.45,4,signal
2024-08-15 00:00:00,2024-08-15 02:00:00,LONG,55119.751877387935,54368.08596239419,-1.5637,-1957.3,1,stop_loss
2024-08-15 04:00:00,2024-08-15 10:00:00,SHORT,65791.16099804794,50484.588479487524,23.0654,28492.86,3,signal
2024-08-15 18:00:00,2024-08-15 22:00:00,LONG,40738.3514630129,50294.482092155595,23.2573,35025.31,2,signal
2024-08-19 02:00:00,2024-08-19 06:00:00,LONG,45841.3792935948,44147.29050559134,-3.8955,-7149.27,2,stop_loss
2024-08-19 08:00:00,2024-08-19 10:00:00,LONG,48737.14736427595,49566.95537704085,1.5026,2660.86,1,signal
2024-08-20 10:00:00,2024-08-20 12:00:00,SHORT,58099.46319419168,53700.18619381801,7.372,13240.73,1,signal
2024-08-25 02:00:00,2024-08-25 04:00:00,SHORT,54569.91039773647,54458.6225321492,0.0039,7.57,1,signal
2024-08-25 08:00:00,2024-08-25 10:00:00,SHORT,54816.33862623244,54958.824027812734,-0.4599,-883.97,1,signal
2024-08-25 14:00:00,2024-08-26 00:00:00,SHORT,55360.816631078866,55601.35357329725,-0.6345,-1214.13,5,signal
2024-08-28 04:00:00,2024-08-28 08:00:00,LONG,54714.13494721716,55153.8400978257,0.6036,1148.14,2,signal
2024-08-28 20:00:00,2024-08-29 00:00:00,LONG,53975.35996877619,53266.66385934253,-1.513,-2889.23,2,stop_loss
2024-08-29 04:00:00,2024-08-29 06:00:00,LONG,53686.715447678806,53674.68722742302,-0.2224,-419.34,1,signal
2024-09-01 08:00:00,2024-09-01 10:00:00,LONG,53534.0430918414,53467.19234557859,-0.3249,-611.25,1,signal
2024-09-01 16:00:00,2024-09-01 18:00:00,LONG,53605.13543620671,53792.0246134406,0.1486,278.8,1,signal
2024-09-03 12:00:00,2024-09-03 14:00:00,LONG,52095.02263426761,51394.0032723108,-1.5457,-2903.26,1,signal
2024-09-03 16:00:00,2024-09-03 20:00:00,LONG,51736.07060144433,52582.51568238165,1.4361,2657.84,2,signal
2024-09-08 08:00:00,2024-09-08 16:00:00,SHORT,58252.097827927,58370.254777657836,-0.4028,-755.72,4,signal
2024-09-11 02:00:00,2024-09-11 04:00:00,SHORT,58291.31370780203,58662.64569022098,-0.837,-1566.64,1,stop_loss
2024-09-11 06:00:00,2024-09-11 08:00:00,SHORT,58413.366035179104,58317.36987676016,-0.0357,-66.11,1,signal
2024-09-11 14:00:00,2024-09-11 16:00:00,SHORT,58548.37537198392,58465.475309587426,-0.0584,-108.25,1,signal
2024-09-13 06:00:00,2024-09-13 08:00:00,SHORT,58808.934405797605,58824.49978987365,-0.2265,-419.48,1,signal
2024-09-13 12:00:00,2024-09-13 14:00:00,SHORT,58951.25757138067,59161.09321183605,-0.5559,-1027.56,1,signal
2024-09-13 16:00:00,2024-09-14 04:00:00,SHORT,59481.6443176036,59587.38967161279,-0.3778,-694.56,6,signal
2024-09-15 02:00:00,2024-09-15 08:00:00,SHORT,66212.3857204298,55913.13016463673,15.3549,28129.2,3,signal
2024-09-15 10:00:00,2024-09-15 12:00:00,LONG,55150.74319365991,52000.00896043421,-5.9129,-12388.28,1,stop_loss
2024-09-15 14:00:00,2024-09-15 20:00:00,LONG,49203.69848992966,62481.57056609529,26.7855,53074.91,3,signal
2024-09-19 04:00:00,2024-09-19 10:00:00,SHORT,63844.92748525553,64573.04960989158,-1.3405,-3337.62,3,stop_loss
2024-09-19 12:00:00,2024-09-19 18:00:00,SHORT,65060.48520379224,65938.02888069481,-1.5488,-3800.76,3,signal
2024-09-19 20:00:00,2024-09-19 22:00:00,SHORT,64216.42211894908,62242.535218008925,2.8738,6948.5,1,signal
2024-09-24 02:00:00,2024-09-24 10:00:00,SHORT,62341.575717778185,62438.085308071604,-0.3548,-881.3,4,signal
2024-09-25 04:00:00,2024-09-25 08:00:00,SHORT,64185.61675598158,63890.31824499199,0.2601,643.81,2,signal
2024-09-28 10:00:00,2024-09-28 18:00:00,LONG,62320.72963805228,62251.390501607384,-0.3113,-772.44,4,signal
2024-09-29 02:00:00,2024-09-29 08:00:00,LONG,60628.96334908931,59863.58980350401,-1.4624,-3612.13,3,stop_loss
2024-09-29 10:00:00,2024-09-29 12:00:00,LONG,60902.11797953797,60350.60924759996,-1.1056,-2697.55,1,signal
2024-10-03 06:00:00,2024-10-03 10:00:00,LONG,59552.29842988023,60996.20931417914,2.2246,5370.99,2,signal
2024-10-04 04:00:00,2024-10-04 14:00:00,SHORT,61869.11182592689,61980.17390203323,-0.3795,-935.64,5,signal
2024-10-07 04:00:00,2024-10-07 06:00:00,SHORT,62623.23241444598,64029.3043508934,-2.4453,-6017.85,1,stop_loss
2024-10-07 08:00:00,2024-10-07 14:00:00,SHORT,65828.18058401004,65424.43090163382,0.4133,991.73,3,signal
2024-10-07 22:00:00,2024-10-08 00:00:00,SHORT,63262.24118811532,63565.55771213734,-0.6795,-1636.64,1,signal
2024-10-10 18:00:00,2024-10-11 02:00:00,SHORT,63667.734499123806,63667.930418029755,-0.2003,-479.37,4,signal
2024-10-11 10:00:00,2024-10-11 14:00:00,SHORT,65075.2319854286,64235.69787481017,1.0901,2603.85,2,signal
2024-10-11 18:00:00,2024-10-11 22:00:00,SHORT,64970.92347646699,64602.212355911935,0.3675,886.92,2,signal
2024-10-14 04:00:00,2024-10-14 08:00:00,SHORT,67097.40546773834,65192.903128051075,2.6384,6389.7,2,signal
2024-10-14 16:00:00,2024-10-14 18:00:00,SHORT,66981.43939711378,66801.98263633503,0.0679,168.61,1,signal
2024-10-19 16:00:00,2024-10-20 00:00:00,SHORT,68283.34075821545,68416.84335782968,-0.3955,-982.49,4,signal
2024-10-20 02:00:00,2024-10-20 04:00:00,SHORT,68394.1109005435,68389.16736614883,-0.1928,-477.07,1,signal
2024-10-22 02:00:00,2024-10-22 10:00:00,LONG,62559.086942833506,65776.8006282427,4.9435,12211.56,4,signal
2024-10-22 16:00:00,2024-10-22 18:00:00,SHORT,71678.17308674564,73325.69138110505,-2.4985,-6461.72,1,signal
2024-10-22 20:00:00,2024-10-22 22:00:00,SHORT,71424.90876842003,68493.09249737214,3.9048,9858.95,1,signal
2024-10-25 20:00:00,2024-10-26 00:00:00,SHORT,71256.62587379321,70569.09250816288,0.7649,2002.83,2,signal
2024-10-28 02:00:00,2024-10-28 08:00:00,SHORT,72727.14022681626,72804.13733561884,-0.3059,-806.75,3,signal
2024-10-28 10:00:00,2024-10-28 12:00:00,SHORT,71824.91239812846,71794.35397779816,-0.1575,-414.09,1,signal
2024-10-31 02:00:00,2024-10-31 04:00:00,LONG,70667.84162852836,70889.9157364071,0.1143,300.02,1,signal
2024-11-02 02:00:00,2024-11-02 10:00:00,LONG,69534.26924549027,69543.20007331354,-0.1872,-492.0,4,signal
2024-11-03 02:00:00,2024-11-03 04:00:00,LONG,75303.21574207328,71698.95333112267,-4.9863,-13059.64,1,stop_loss
2024-11-03 10:00:00,2024-11-03 16:00:00,SHORT,87788.32263109223,70400.56372515927,19.6065,49017.28,3,signal
2024-11-06 14:00:00,2024-11-06 18:00:00,SHORT,69758.56045603164,69213.35935753387,0.5816,1724.73,2,signal
2024-11-07 00:00:00,2024-11-07 02:00:00,SHORT,64848.774036398136,66928.481448917,-3.407,-10179.2,1,stop_loss
2024-11-07 04:00:00,2024-11-07 06:00:00,SHORT,59323.8600714917,53345.059752429144,9.8782,28502.71,1,signal
2024-11-07 06:00:00,2024-11-07 10:00:00,LONG,53345.059752429144,82780.85674132666,54.98,173526.74,2,signal
2024-11-07 12:00:00,2024-11-07 16:00:00,SHORT,93186.79942660657,77828.72022519897,16.281,78224.87,2,signal
2024-11-12 04:00:00,2024-11-12 08:00:00,SHORT,88604.54535708172,90796.87091701418,-2.6743,-14863.89,2,stop_loss
2024-11-12 10:00:00,2024-11-12 14:00:00,SHORT,90871.45430156599,85010.20465539602,6.25,33791.58,2,signal
2024-11-15 20:00:00,2024-11-16 02:00:00,SHORT,86748.12412698727,85718.18193568819,0.9873,5654.77,3,signal
2024-11-16 18:00:00,2024-11-16 20:00:00,LONG,87588.08384123284,88362.08740866507,0.6837,3952.63,1,signal
2024-11-16 20:00:00,2024-11-17 00:00:00,SHORT,88362.08740866507,88118.51734747729,0.0756,440.2,2,signal
2024-11-17 02:00:00,2024-11-17 04:00:00,SHORT,88137.35965885788,88394.0160600173,-0.4912,-2860.3,1,signal
2024-11-19 08:00:00,2024-11-19 16:00:00,SHORT,89744.83985575564,89937.70792183449,-0.4149,-2404.77,4,signal
2024-11-19 22:00:00,2024-11-20 00:00:00,SHORT,89740.53610567124,90914.51132941245,-1.5082,-8721.98,1,stop_loss
2024-11-20 02:00:00,2024-11-20 06:00:00,SHORT,91573.91658283985,91638.35678089666,-0.2704,-1538.46,2,signal
2024-11-20 12:00:00,2024-11-20 16:00:00,SHORT,92776.58720472547,93011.01482492806,-0.4527,-2569.23,2,signal
2024-11-22 06:00:00,2024-11-22 08:00:00,LONG,92962.70721359404,93762.45797614986,0.6603,3731.43,1,signal
2024-11-22 10:00:00,2024-11-22 18:00:00,SHORT,94590.35235098231,96481.36123564924,-2.1992,-12505.8,4,signal
2024-11-22 20:00:00,2024-11-22 22:00:00,SHORT,93012.1415164903,95330.37087260807,-2.6924,-14990.79,1,signal
2024-11-25 02:00:00,2024-11-25 08:00:00,LONG,87050.04086697001,90154.90470136832,3.3668,18266.06,3,signal
2024-11-29 02:00:00,2024-11-29 08:00:00,LONG,92864.06822991943,92892.3234732113,-0.1696,-949.43,3,signal
2024-12-01 14:00:00,2024-12-01 16:00:00,LONG,93609.05138297933,93101.74783959401,-0.7419,-4147.38,1,signal
2024-12-01 16:00:00,2024-12-01 18:00:00,SHORT,93101.74783959401,93059.55301970831,-0.1547,-858.55,1,signal
2024-12-02 00:00:00,2024-12-02 04:00:00,LONG,90406.56384271068,91700.65788764424,1.2314,6824.96,2,signal
2024-12-04 08:00:00,2024-12-04 10:00:00,SHORT,93652.54474644379,94641.59945700322,-1.2561,-7055.0,1,stop_loss
2024-12-04 12:00:00,2024-12-04 16:00:00,SHORT,94486.07554959919,92048.92529315583,2.3794,13182.17,2,signal
2024-12-05 06:00:00,2024-12-05 08:00:00,SHORT,93883.33902420774,93308.32312227813,0.4125,2336.87,1,signal
2024-12-09 02:00:00,2024-12-09 08:00:00,LONG,93118.25274618546,93042.11169859118,-0.2818,-1602.59,3,signal
2024-12-10 02:00:00,2024-12-10 04:00:00,LONG,93087.56971891125,93814.60339292847,0.581,3295.78,1,signal
2024-12-10 08:00:00,2024-12-10 12:00:00,LONG,89916.53143431405,95543.2281426364,6.0577,34551.24,2,signal
2024-12-10 14:00:00,2024-12-10 20:00:00,SHORT,101795.69123273846,97970.05181698874,3.5582,21462.56,3,signal
2024-12-14 10:00:00,2024-12-14 12:00:00,LONG,95490.04824376038,99265.61368103078,3.7539,23408.58,1,signal
2024-12-14 14:00:00,2024-12-14 20:00:00,SHORT,99172.9562610257,97508.57497088132,1.4783,9546.92,3,signal
2024-12-15 04:00:00,2024-12-15 08:00:00,SHORT,101751.88649427805,96218.36105411389,5.2383,34304.84,2,signal
2024-12-19 02:00:00,2024-12-19 04:00:00,LONG,100869.70866145147,98750.59767009663,-2.3008,-15788.94,1,stop_loss
2024-12-19 16:00:00,2024-12-19 18:00:00,SHORT,96766.19470003243,95400.62049647297,1.2112,8145.16,1,signal
2024-12-19 18:00:00,2024-12-19 22:00:00,LONG,95400.62049647297,97505.9001091912,2.0068,13650.48,2,signal
2024-12-20 06:00:00,2024-12-20 10:00:00,SHORT,162463.14143335517,129818.44318582969,19.8936,137899.81,2,signal
2024-12-20 22:00:00,2024-12-21 00:00:00,LONG,76149.52318838908,94367.89214558172,23.7245,195535.07,1,signal
2024-12-27 04:00:00,2024-12-27 14:00:00,SHORT,88853.609737206,88776.69843152112,-0.1134,-1145.69,5,signal
2024-12-29 12:00:00,2024-12-29 14:00:00,SHORT,90013.74944462576,89946.41927386908,-0.1252,-1263.1,1,signal
2025-01-01 22:00:00,2025-01-02 00:00:00,SHORT,90439.84621767058,90936.20083609222,-0.7488,-7556.66,1,stop_loss
2025-01-02 04:00:00,2025-01-02 06:00:00,SHORT,91371.9586215209,92139.63326769965,-1.0402,-10423.48,1,stop_loss
2025-01-02 08:00:00,2025-01-02 10:00:00,SHORT,90976.75540260342,90597.83844865626,0.2165,2144.59,1,signal
2025-01-05 20:00:00,2025-01-06 00:00:00,SHORT,91882.43152873241,91497.78692274085,0.2186,2170.13,2,signal
2025-01-06 06:00:00,2025-01-06 10:00:00,SHORT,92251.01066955231,93029.02552002107,-1.0434,-10394.94,2,stop_loss
2025-01-06 12:00:00,2025-01-06 14:00:00,SHORT,92805.85696746792,92347.77908760168,0.2936,2891.26,1,signal
2025-01-06 22:00:00,2025-01-07 00:00:00,SHORT,93191.7904410019,85329.83956869817,8.2363,81337.78,1,signal
2025-01-07 02:00:00,2025-01-07 04:00:00,LONG,83604.63105195426,80916.30041644922,-3.4155,-36300.81,1,stop_loss
2025-01-07 06:00:00,2025-01-07 10:00:00,LONG,59957.329865632186,53194.359377919405,-11.4796,-118046.42,2,stop_loss
2025-01-07 12:00:00,2025-01-07 18:00:00,LONG,58216.0459842594,49225.74927257796,-15.643,-143632.64,3,signal
2025-01-07 20:00:00,2025-01-07 22:00:00,LONG,62288.818992044275,82649.36075226258,32.4873,253966.62,1,signal
2025-01-12 22:00:00,2025-01-13 10:00:00,SHORT,94916.54297038192,95437.35850948875,-0.7487,-7670.59,6,stop_loss
2025-01-14 02:00:00,2025-01-14 06:00:00,SHORT,96302.53509576649,95993.16480373638,0.1212,1231.55,2,signal
2025-01-14 08:00:00,2025-01-14 10:00:00,SHORT,95658.52216782245,96173.10626938714,-0.7379,-7504.04,1,signal
2025-01-14 12:00:00,2025-01-14 16:00:00,SHORT,96562.90943949387,95646.20598476075,0.7493,7566.49,2,signal
2025-01-14 20:00:00,2025-01-14 22:00:00,SHORT,96114.18152801233,95855.06199639742,0.0696,707.75,1,signal
2025-01-16 02:00:00,2025-01-16 06:00:00,SHORT,100354.6572849817,97334.75872392814,2.8092,28587.35,2,signal
2025-01-16 12:00:00,2025-01-16 14:00:00,LONG,96270.83489463473,94977.51749762864,-1.5434,-16125.32,1,signal
2025-01-19 04:00:00,2025-01-19 06:00:00,LONG,96257.8513913399,99199.23049315788,2.8557,29398.67,1,signal
2025-01-19 12:00:00,2025-01-19 14:00:00,SHORT,108139.18016503847,115692.83944704592,-7.1851,-76122.64,1,stop_loss
2025-01-19 16:00:00,2025-01-19 18:00:00,SHORT,103133.74767650166,98998.16003068112,3.8099,37530.63,1,signal
2025-01-22 12:00:00,2025-01-22 14:00:00,LONG,97344.23019242569,96238.76433941629,-1.3356,-13633.12,1,signal
2025-01-26 02:00:00,2025-01-26 12:00:00,LONG,100694.853705211,100037.91108162196,-0.8524,-8577.24,5,stop_loss
2025-01-26 14:00:00,2025-01-26 16:00:00,LONG,100104.3434883941,100235.51460179634,-0.069,-689.4,1,signal
2025-01-27 10:00:00,2025-01-27 12:00:00,LONG,98958.52331050519,98151.71790601462,-1.0153,-10126.26,1,stop_loss
2025-01-27 14:00:00,2025-01-27 18:00:00,LONG,97260.0932043156,98553.83519746995,1.1302,11181.56,2,signal
2025-02-01 04:00:00,2025-02-01 06:00:00,LONG,97489.47377953514,96830.77658517577,-0.8757,-8742.88,1,stop_loss
2025-02-01 08:00:00,2025-02-01 12:00:00,LONG,96939.28792796042,97640.23473944598,0.5231,5187.21,2,signal
2025-02-03 12:00:00,2025-02-03 14:00:00,SHORT,96656.83518903416,95529.43912689161,0.9664,9631.04,1,signal
2025-02-03 16:00:00,2025-02-03 18:00:00,LONG,97544.83525324902,95336.54868323762,-2.4639,-24734.78,1,stop_loss
2025-02-03 20:00:00,2025-02-03 22:00:00,LONG,95312.30488663587,96023.70514460086,0.5464,5366.9,1,signal
2025-02-09 22:00:00,2025-02-10 04:00:00,LONG,93360.89587292861,93441.52224797235,-0.1136,-1122.02,3,signal
2025-02-12 02:00:00,2025-02-12 04:00:00,LONG,93305.78774470417,93311.60660148357,-0.1938,-1911.06,1,signal
2025-02-13 08:00:00,2025-02-13 12:00:00,LONG,92476.90375527601,91844.68430743522,-0.8837,-8685.8,2,stop_loss
2025-02-13 14:00:00,2025-02-13 20:00:00,LONG,91273.26108637638,92706.26108581814,1.37,13374.26,3,signal
2025-02-14 04:00:00,2025-02-14 08:00:00,SHORT,97624.78338195653,92512.10811782155,5.0371,49812.64,2,signal
2025-02-14 12:00:00,2025-02-14 16:00:00,LONG,89879.16172725755,94411.67754951987,4.8429,50184.23,2,signal
2025-02-18 02:00:00,2025-02-18 06:00:00,SHORT,95221.76398858028,92602.54143419678,2.5507,27647.03,2,signal
2025-02-18 16:00:00,2025-02-18 18:00:00,SHORT,95799.16316302461,97026.26551125215,-1.4809,-16440.83,1,signal
2025-02-18 20:00:00,2025-02-19 02:00:00,SHORT,96600.83814946697,95213.3456550597,1.2363,13532.27,3,signal
2025-02-22 06:00:00,2025-02-22 10:00:00,SHORT,102408.96830818783,101128.98591744892,1.0499,11626.51,2,signal
2025-02-22 12:00:00,2025-02-22 18:00:00,SHORT,107891.20883292482,100404.4015269044,6.7392,75375.83,3,signal
2025-02-25 02:00:00,2025-02-25 06:00:00,LONG,76212.83230944863,77270.30465742364,1.1875,14132.41,2,signal
2025-02-25 08:00:00,2025-02-25 16:00:00,LONG,75952.31620097208,81189.49350883461,6.6953,80578.4,4,signal
2025-03-03 04:00:00,2025-03-03 12:00:00,LONG,80321.8413854164,80341.30176542058,-0.1758,-2249.97,4,signal
2025-03-03 16:00:00,2025-03-03 20:00:00,LONG,79804.85284322815,80006.45292825665,0.0526,672.39,2,signal
2025-03-04 18:00:00,2025-03-04 22:00:00,LONG,78484.66231008124,78180.754563078,-0.5872,-7507.89,2,signal
2025-03-05 00:00:00,2025-03-05 02:00:00,LONG,78071.4000576124,78061.15423162797,-0.2131,-2709.69,1,signal
2025-03-08 18:00:00,2025-03-09 00:00:00,LONG,75168.78138240942,76815.24090897715,1.9904,25254.4,3,signal
2025-03-09 08:00:00,2025-03-09 10:00:00,LONG,75532.60778094729,73191.82756434627,-3.299,-42570.88,1,stop_loss
2025-03-09 12:00:00,2025-03-09 18:00:00,LONG,71682.03196057104,71810.87092836501,-0.0203,-253.77,3,signal
2025-03-09 20:00:00,2025-03-09 22:00:00,LONG,71836.17799498948,72481.67142680235,0.6986,8747.06,1,signal
2025-03-10 02:00:00,2025-03-10 04:00:00,SHORT,61940.47964533329,68612.78941829699,-10.9721,-138570.9,1,stop_loss
2025-03-10 08:00:00,2025-03-10 12:00:00,LONG,30159.086371718997,13994.196095338297,-53.7987,-606079.69,2,stop_loss
2025-03-10 14:00:00,2025-03-10 18:00:00,LONG,14888.143621799221,8831.437303919063,-40.8814,-226091.39,2,signal
2025-03-10 20:00:00,2025-03-10 22:00:00,LONG,14467.685539260667,18981.43986518706,30.9989,104855.31,1,signal
2025-03-17 22:00:00,2025-03-18 00:00:00,SHORT,73529.52832287551,73390.91383473501,-0.0115,-50.29,1,signal
2025-03-19 02:00:00,2025-03-19 04:00:00,SHORT,75127.79582958463,75801.0431002225,-1.0961,-4806.95,1,stop_loss
2025-03-19 06:00:00,2025-03-19 10:00:00,SHORT,76308.3864608675,74432.87121400758,2.2578,9782.04,2,signal
2025-03-19 16:00:00,2025-03-19 18:00:00,SHORT,75453.81061811258,74401.85838344767,1.1942,5284.74,1,signal
2025-03-21 02:00:00,2025-03-21 04:00:00,LONG,73220.8719673438,72952.61616583355,-0.5664,-2534.86,1,signal
2025-03-28 02:00:00,2025-03-28 06:00:00,LONG,36135.77724412556,28848.69640677848,-20.3658,-90480.76,2,stop_loss
2025-03-28 08:00:00,2025-03-28 10:00:00,LONG,41343.631825382654,38941.488682039686,-6.0102,-21588.72,1,signal
2025-03-31 20:00:00,2025-03-31 22:00:00,SHORT,77934.8192576678,77956.76402804867,-0.2282,-772.75,1,signal
2025-04-01 18:00:00,2025-04-01 20:00:00,SHORT,78221.46645837782,78565.05543323049,-0.6393,-2160.41,1,signal
2025-04-04 12:00:00,2025-04-04 20:00:00,LONG,74391.59105209801,75031.36845426803,0.66,2217.03,4,signal
2025-04-07 02:00:00,2025-04-07 04:00:00,SHORT,68543.7264198107,72411.78118978298,-5.8432,-19788.87,1,stop_loss
2025-04-07 08:00:00,2025-04-07 14:00:00,LONG,33960.01962222474,65685.78739340988,93.2209,297573.36,3,signal
2025-04-13 18:00:00,2025-04-14 02:00:00,SHORT,79667.17358238061,81004.75018894539,-1.879,-11329.79,4,stop_loss
2025-04-14 04:00:00,2025-04-14 06:00:00,SHORT,82800.29016431127,84395.5428442162,-2.1266,-12594.21,1,stop_loss
2025-04-14 08:00:00,2025-04-14 10:00:00,SHORT,81223.66685130876,82002.98910378884,-1.1595,-6715.46,1,signal
2025-04-18 02:00:00,2025-04-18 04:00:00,LONG,83180.0928412225,85495.91855193129,2.5841,14801.79,1,signal
2025-04-18 06:00:00,2025-04-18 08:00:00,SHORT,83388.51691392814,84263.51670138458,-1.2493,-7331.69,1,signal
2025-04-18 12:00:00,2025-04-18 14:00:00,SHORT,83586.23557907846,83858.72322147837,-0.526,-3050.23,1,signal
2025-04-22 14:00:00,2025-04-22 20:00:00,SHORT,85998.81733612667,85819.64116724642,0.0083,48.16,3,signal
2025-04-25 02:00:00,2025-04-25 14:00:00,SHORT,86896.14254315433,87143.05635224804,-0.4841,-2793.75,6,signal
2025-04-27 06:00:00,2025-04-27 10:00:00,SHORT,88767.27021560444,88308.04678305941,0.3173,1822.74,2,signal
2025-04-27 18:00:00,2025-04-27 20:00:00,SHORT,88837.93516015474,88953.08981692964,-0.3296,-1899.03,1,signal
2025-04-28 00:00:00,2025-04-28 04:00:00,SHORT,89576.84748182818,89662.83115986852,-0.296,-1699.92,2,signal
2025-04-28 10:00:00,2025-04-28 12:00:00,SHORT,89869.02101945326,89937.84424668078,-0.2766,-1583.99,1,signal
2025-04-29 04:00:00,2025-04-29 08:00:00,LONG,81299.70790704396,84859.07427287732,4.1781,23865.13,2,signal
2025-04-29 12:00:00,2025-04-29 22:00:00,LONG,64627.798920363675,86091.32447714076,33.011,196042.46,5,signal
2025-05-02 12:00:00,2025-05-02 20:00:00,SHORT,92617.85493971339,92597.39974633984,-0.1779,-1387.93,4,signal
2025-05-04 00:00:00,2025-05-04 02:00:00,SHORT,93592.40800516121,93854.72201068887,-0.4803,-3740.33,1,signal
2025-05-04 08:00:00,2025-05-04 10:00:00,SHORT,94489.59362440936,94664.91655203735,-0.3855,-2988.91,1,signal
2025-05-06 10:00:00,2025-05-06 14:00:00,SHORT,96089.6878955883,95143.68309644058,0.7845,6059.49,2,signal
2025-05-06 20:00:00,2025-05-07 00:00:00,SHORT,97854.33289706545,96228.03688815258,1.462,11376.3,2,signal
2025-05-07 14:00:00,2025-05-07 22:00:00,SHORT,98547.51145656293,98223.36544026367,0.1289,1017.16,4,signal
2025-05-10 04:00:00,2025-05-10 06:00:00,SHORT,99460.99500136926,99091.2584805173,0.1717,1356.63,1,signal
2025-05-10 14:00:00,2025-05-10 18:00:00,SHORT,100688.26905398676,99287.1007914179,1.1916,9428.08,2,signal
2025-05-11 00:00:00,2025-05-11 04:00:00,SHORT,100961.68310559256,100915.05556422942,-0.1538,-1230.8,2,signal
2025-05-13 20:00:00,2025-05-14 00:00:00,SHORT,102099.97695557355,102068.40151619939,-0.1691,-1350.91,2,signal
2025-05-16 02:00:00,2025-05-16 04:00:00,SHORT,103632.24930188444,104314.23141671145,-0.8581,-6855.59,1,stop_loss
2025-05-16 06:00:00,2025-05-16 10:00:00,SHORT,104312.09821766702,103057.23267945733,1.003,7935.77,2,signal
2025-05-22 08:00:00,2025-05-22 12:00:00,SHORT,106171.96619665502,103922.97294858359,1.9183,15322.04,2,signal
2025-05-22 16:00:00,2025-05-22 18:00:00,LONG,103973.37446688478,104075.58013256763,-0.1017,-827.13,1,signal
2025-05-25 08:00:00,2025-05-25 12:00:00,SHORT,106971.44775354362,106140.20870428352,0.5771,4688.77,2,signal
2025-05-25 16:00:00,2025-05-25 20:00:00,SHORT,107216.29464402971,107237.30168057424,-0.2196,-1794.02,2,signal
2025-05-26 04:00:00,2025-05-26 06:00:00,SHORT,107116.44786209488,106636.91460124115,0.2477,2019.22,1,signal
2025-05-30 08:00:00,2025-05-30 10:00:00,LONG,105322.73551024582,105174.64037511799,-0.3406,-2783.43,1,signal
2025-05-30 14:00:00,2025-05-30 16:00:00,SHORT,106015.94058954524,105214.67817684088,0.5558,4527.18,1,signal
2025-05-31 00:00:00,2025-05-31 04:00:00,LONG,103989.6001634655,104721.0230712181,0.5034,4121.75,2,signal
2025-05-31 10:00:00,2025-05-31 12:00:00,LONG,104097.82040656853,104484.3828394974,0.1713,1409.76,1,signal
2025-05-31 18:00:00,2025-05-31 20:00:00,LONG,103296.71465837867,103681.90969522273,0.1729,1424.88,1,signal
2025-06-01 04:00:00,2025-06-01 06:00:00,SHORT,107132.69379937205,106451.09931561624,0.4362,3600.75,1,signal
2025-06-02 00:00:00,2025-06-02 06:00:00,LONG,101220.7360414691,101394.5672692636,-0.0283,-234.28,3,signal
2025-06-05 00:00:00,2025-06-05 06:00:00,LONG,99578.35038700872,99764.61341067275,-0.0129,-107.3,3,signal
2025-06-07 20:00:00,2025-06-08 06:00:00,SHORT,100967.46212238766,100989.3861390858,-0.2217,-1837.01,5,signal
2025-06-08 10:00:00,2025-06-08 16:00:00,SHORT,101462.81887828078,101107.65750695215,0.15,1240.54,3,signal
2025-06-09 22:00:00,2025-06-10 00:00:00,LONG,100095.15908266648,99562.65066096716,-0.732,-6052.04,1,stop_loss
2025-06-10 02:00:00,2025-06-10 06:00:00,LONG,94527.15249177224,106178.72408013593,12.1262,99705.26,2,signal
2025-06-10 08:00:00,2025-06-10 14:00:00,SHORT,106246.89972169325,98300.22610674803,7.2794,66749.01,3,signal
2025-06-15 12:00:00,2025-06-15 14:00:00,SHORT,99556.34816844862,99208.03385446033,0.1499,1469.24,1,signal
2025-06-15 18:00:00,2025-06-15 20:00:00,SHORT,99086.51287805718,99308.71125110515,-0.4242,-4165.09,1,signal
2025-06-16 06:00:00,2025-06-16 14:00:00,LONG,97134.83119553316,97543.71270133124,0.2209,2160.38,4,signal
2025-06-18 06:00:00,2025-06-18 14:00:00,LONG,94742.74928748929,95547.14618513153,0.649,6359.58,4,signal
2025-06-21 00:00:00,2025-06-21 02:00:00,SHORT,95879.35916786123,95714.74258063434,-0.0283,-279.09,1,signal
2025-06-22 02:00:00,2025-06-22 04:00:00,SHORT,95672.34526145365,94915.65041550674,0.5909,5824.33,1,signal
2025-06-22 08:00:00,2025-06-22 10:00:00,SHORT,95461.87609327934,95568.86769945998,-0.3121,-3093.21,1,signal
2025-06-23 02:00:00,2025-06-23 08:00:00,LONG,92118.80153888126,92365.33729910571,0.0676,668.32,3,signal
2025-06-24 00:00:00,2025-06-24 02:00:00,SHORT,97565.58614231605,98308.3985617259,-0.9613,-9506.39,1,signal
2025-06-24 08:00:00,2025-06-24 10:00:00,SHORT,94892.17703270142,95756.22625246654,-1.1106,-10881.59,1,signal
2025-06-28 04:00:00,2025-06-28 06:00:00,LONG,95451.3076771025,96120.82775124123,0.5014,4861.29,1,signal
2025-06-28 12:00:00,2025-06-28 14:00:00,LONG,95524.03367199852,96274.23020816768,0.5853,5701.94,1,signal
2025-07-02 06:00:00,2025-07-02 16:00:00,LONG,95856.86520377174,95738.2596869806,-0.3237,-3171.04,5,signal
2025-07-03 02:00:00,2025-07-03 08:00:00,LONG,95262.9373747946,94622.9965573897,-0.8718,-8499.78,3,stop_loss
2025-07-03 10:00:00,2025-07-03 14:00:00,LONG,94115.42069217075,94980.56754012826,0.7192,6965.41,2,signal
2025-07-03 18:00:00,2025-07-03 20:00:00,LONG,94263.12601560167,94376.08858121534,-0.0802,-781.63,1,signal
2025-07-04 08:00:00,2025-07-04 10:00:00,LONG,94058.05069304744,94518.55278828385,0.2896,2821.55,1,signal
2025-07-08 12:00:00,2025-07-08 14:00:00,LONG,93323.21676032715,93044.7991315171,-0.4983,-4868.73,1,signal
2025-07-09 02:00:00,2025-07-09 06:00:00,LONG,90511.96028457952,95489.30138512806,5.2991,51526.85,2,signal
2025-07-09 08:00:00,2025-07-09 10:00:00,SHORT,94743.04341402778,94730.041949544,-0.1863,-1902.49,1,signal
2025-07-09 16:00:00,2025-07-09 18:00:00,SHORT,95439.51956934253,92199.84717551783,3.1945,32568.12,1,signal
2025-07-12 04:00:00,2025-07-12 10:00:00,LONG,82465.05245586138,87925.39939338539,6.4214,67453.87,3,signal
2025-07-16 02:00:00,2025-07-16 04:00:00,LONG,84436.00778805083,83543.32585795548,-1.2572,-13988.68,1,stop_loss
2025-07-16 06:00:00,2025-07-16 10:00:00,LONG,83550.8411507112,85439.33283887157,2.0603,22688.85,2,signal
2025-07-18 04:00:00,2025-07-18 08:00:00,SHORT,88457.69271170262,86982.48470957633,1.4677,16479.32,2,signal
2025-07-20 02:00:00,2025-07-20 06:00:00,SHORT,118839.80566957015,94573.91467984345,20.219,230184.1,2,signal
2025-07-20 14:00:00,2025-07-20 22:00:00,LONG,44744.477914891366,68524.78567094177,52.9469,718558.26,4,signal
2025-07-24 16:00:00,2025-07-24 22:00:00,SHORT,90032.34406364795,88240.50796458025,1.7902,36516.07,3,signal
2025-07-27 00:00:00,2025-07-27 06:00:00,SHORT,90062.47744231504,90273.72151045862,-0.4346,-9014.58,3,signal
2025-07-27 08:00:00,2025-07-27 12:00:00,SHORT,90441.04453334477,89930.15959566741,0.3649,7538.04,2,signal
2025-07-28 04:00:00,2025-07-28 06:00:00,SHORT,88170.88455994696,89402.62849699943,-1.597,-33106.49,1,signal
2025-07-28 12:00:00,2025-07-28 14:00:00,LONG,89719.98766551282,86518.91626395217,-3.7678,-76924.22,1,signal
2025-07-28 16:00:00,2025-07-28 18:00:00,LONG,87757.96309590072,83282.60753558426,-5.2997,-104123.96,1,stop_loss
2025-07-28 20:00:00,2025-07-28 22:00:00,LONG,87241.66626081638,90534.31159749512,3.5742,66822.63,1,signal
2025-08-02 02:00:00,2025-08-02 10:00:00,LONG,90386.10099201986,90447.8734862059,-0.1317,-2545.04,4,signal
2025-08-04 16:00:00,2025-08-05 00:00:00,LONG,89933.63629095987,90132.23092037022,0.0208,402.03,4,signal
2025-08-05 18:00:00,2025-08-05 20:00:00,LONG,89625.22431823307,89255.9734496569,-0.612,-11817.89,1,signal
2025-08-05 22:00:00,2025-08-06 00:00:00,LONG,89705.49969682515,89780.15100603116,-0.1168,-2242.0,1,signal
2025-08-06 08:00:00,2025-08-06 10:00:00,LONG,90095.09415548402,88885.6219625951,-1.5424,-29527.71,1,stop_loss
2025-08-06 12:00:00,2025-08-06 14:00:00,LONG,88808.37942857313,90085.07272561941,1.2376,23385.82,1,signal
2025-08-08 06:00:00,2025-08-08 08:00:00,LONG,88691.51205331816,88255.89485523476,-0.6912,-13213.97,1,signal
2025-08-08 18:00:00,2025-08-08 20:00:00,LONG,88215.04331471413,89288.16645332424,1.0165,19306.12,1,signal
2025-08-12 06:00:00,2025-08-12 12:00:00,SHORT,89497.37380649307,88563.3397383684,0.8436,16178.08,3,signal
2025-08-13 04:00:00,2025-08-13 08:00:00,SHORT,90134.04980817642,89571.36391405125,0.4243,8201.32,2,signal
2025-08-13 14:00:00,2025-08-13 20:00:00,LONG,85667.14042367943,86904.18756010463,1.244,24143.89,3,signal
2025-08-18 06:00:00,2025-08-18 08:00:00,SHORT,86003.19127757126,86281.23434695706,-0.5233,-10276.13,1,signal
2025-08-18 10:00:00,2025-08-18 16:00:00,SHORT,86949.29837469154,86154.85403008157,0.7137,13945.28,3,signal
2025-08-18 22:00:00,2025-08-19 00:00:00,SHORT,86886.06980899362,87241.1498175044,-0.6087,-11973.97,1,signal
2025-08-19 02:00:00,2025-08-19 12:00:00,SHORT,87474.46838856858,87547.11688221508,-0.2831,-5536.05,5,signal
2025-08-21 02:00:00,2025-08-21 06:00:00,LONG,85655.54934797599,86472.01652688568,0.7532,14691.81,2,signal
2025-08-21 10:00:00,2025-08-21 12:00:00,LONG,86284.59284527309,86846.39799886663,0.4511,8862.22,1,signal
2025-08-21 18:00:00,2025-08-21 22:00:00,SHORT,91750.45703288064,86209.57803981335,5.8391,115203.01,2,signal
2025-08-24 02:00:00,2025-08-24 08:00:00,SHORT,91628.17950310367,89397.86264258198,2.2341,46523.01,3,signal
2025-08-28 10:00:00,2025-08-28 12:00:00,SHORT,88905.25518693005,89890.64537764051,-1.3084,-27823.67,1,signal
2025-08-28 14:00:00,2025-08-29 00:00:00,SHORT,90524.31976617147,89649.80966573651,0.766,16088.38,5,signal
2025-08-31 06:00:00,2025-08-31 10:00:00,SHORT,91655.14217830959,90613.94316070402,0.936,19800.61,2,signal
2025-09-02 04:00:00,2025-09-02 06:00:00,SHORT,92105.56630121525,92054.44258152944,-0.1445,-3083.9,1,signal
2025-09-06 06:00:00,2025-09-06 08:00:00,SHORT,90806.67979736194,89524.92915298502,1.2115,25821.51,1,signal
2025-09-06 10:00:00,2025-09-06 20:00:00,LONG,88966.75812377608,89978.12783690453,0.9368,20196.08,5,signal
2025-09-09 04:00:00,2025-09-09 06:00:00,SHORT,89944.40739651714,89400.10488851875,0.4052,8812.33,1,signal
2025-09-09 10:00:00,2025-09-09 14:00:00,LONG,88744.87463499373,88905.54238271025,-0.019,-413.88,2,signal
2025-09-10 02:00:00,2025-09-10 06:00:00,LONG,88186.22168409778,88252.63748414969,-0.1247,-2721.96,2,signal
2025-09-12 10:00:00,2025-09-12 14:00:00,LONG,87313.79414842381,87868.20819327355,0.435,9484.24,2,signal
2025-09-12 22:00:00,2025-09-13 00:00:00,LONG,87711.61107667915,87334.67858422468,-0.6297,-13787.91,1,signal
2025-09-13 02:00:00,2025-09-13 08:00:00,LONG,87357.2964436633,88539.35675672707,1.1531,25096.32,3,signal
2025-09-13 22:00:00,2025-09-14 00:00:00,LONG,87556.38123432206,87658.18252731234,-0.0837,-1842.24,1,signal
2025-09-14 22:00:00,2025-09-15 00:00:00,SHORT,88420.81205269054,88254.57474137802,-0.012,-263.66,1,signal
2025-09-15 08:00:00,2025-09-15 10:00:00,SHORT,88459.3048250542,88862.09628198341,-0.6553,-14405.71,1,signal
2025-09-15 12:00:00,2025-09-15 16:00:00,SHORT,89166.84180834696,88382.19691626834,0.68,14854.13,2,signal
2025-09-16 00:00:00,2025-09-16 06:00:00,SHORT,89504.40021096994,89621.62301731182,-0.331,-7276.77,3,signal
2025-09-17 02:00:00,2025-09-17 04:00:00,SHORT,91114.3488791292,91902.44680964175,-1.065,-23378.68,1,stop_loss
2025-09-17 06:00:00,2025-09-17 14:00:00,SHORT,93355.40714071757,92424.4996621542,0.7972,17294.53,4,signal
2025-09-20 02:00:00,2025-09-20 06:00:00,SHORT,95124.55540971458,93832.82336210254,1.1579,25311.75,2,signal
2025-09-20 14:00:00,2025-09-20 18:00:00,LONG,87171.63107067528,87215.58700713422,-0.1496,-3305.59,2,signal
2025-09-27 02:00:00,2025-09-27 04:00:00,LONG,92619.13894283655,91814.14757118652,-1.0691,-23555.88,1,stop_loss
2025-09-27 14:00:00,2025-09-27 22:00:00,SHORT,94307.94369070258,92814.6711195412,1.3834,30219.85,4,signal
2025-09-28 12:00:00,2025-09-28 14:00:00,SHORT,94402.35709559577,94323.85605988133,-0.1168,-2585.96,1,signal
2025-10-01 06:00:00,2025-10-01 08:00:00,SHORT,94871.56896284567,93706.90899794833,1.0276,22717.68,1,signal
2025-10-02 04:00:00,2025-10-02 06:00:00,SHORT,96933.95167978817,99132.21669538702,-2.4678,-55189.76,1,stop_loss
2025-10-02 08:00:00,2025-10-02 10:00:00,SHORT,96442.71590928976,96797.6078794248,-0.568,-12381.25,1,signal
2025-10-03 02:00:00,2025-10-03 10:00:00,SHORT,104692.01087669413,97824.58421097606,6.3596,137883.71,4,signal
2025-10-03 18:00:00,2025-10-03 22:00:00,LONG,86099.6353189582,93199.91470323013,8.0466,184998.43,2,signal
2025-10-05 02:00:00,2025-10-05 06:00:00,SHORT,114331.82879758335,117629.70080023333,-3.0845,-76478.61,2,stop_loss
2025-10-05 08:00:00,2025-10-05 12:00:00,SHORT,123891.26032387369,103372.76049142703,16.3617,393038.56,2,signal
2025-10-08 20:00:00,2025-10-08 22:00:00,SHORT,97934.70488720282,97763.64338817401,-0.0253,-703.08,1,signal
2025-10-11 14:00:00,2025-10-11 16:00:00,LONG,98988.00914988921,99234.19200014809,0.0487,1351.37,1,signal
2025-10-14 00:00:00,2025-10-14 02:00:00,LONG,98694.57478907434,99060.16577760909,0.1704,4731.37,1,signal
2025-10-14 16:00:00,2025-10-15 00:00:00,SHORT,100390.92934315804,100376.37546516629,-0.1855,-5158.25,4,signal
2025-10-16 00:00:00,2025-10-16 08:00:00,SHORT,103696.5643216157,99828.03979781042,3.5306,98002.36,4,signal
2025-10-19 06:00:00,2025-10-19 12:00:00,LONG,94759.16670554898,98266.05559517074,3.5008,100435.21,3,signal
2025-10-20 04:00:00,2025-10-20 06:00:00,LONG,88601.1648773233,83774.28133233759,-5.6479,-167097.02,1,stop_loss
2025-10-20 08:00:00,2025-10-20 12:00:00,LONG,82494.38783053988,89554.32547753029,8.3581,234490.76,2,signal
2025-10-23 12:00:00,2025-10-23 14:00:00,LONG,95034.15747827833,95105.08674215304,-0.1254,-3796.44,1,signal
2025-10-26 02:00:00,2025-10-26 06:00:00,LONG,88134.66966278506,89712.72578930149,1.5905,48108.28,2,signal
2025-10-26 08:00:00,2025-10-26 12:00:00,LONG,89514.25753182934,88340.18362233412,-1.5116,-46412.63,2,signal
2025-10-26 14:00:00,2025-10-26 16:00:00,LONG,90446.33781519979,92111.50135748397,1.6411,49663.59,1,signal
2025-10-27 00:00:00,2025-10-27 04:00:00,SHORT,101224.70544016674,100846.42425596734,0.1737,5338.82,2,signal
2025-10-28 12:00:00,2025-10-28 14:00:00,SHORT,109110.10027504474,107938.93580546865,0.8734,26887.66,1,signal
2025-10-31 12:00:00,2025-10-31 14:00:00,SHORT,103117.19122466983,105135.88793684579,-2.1577,-66976.8,1,signal
2025-11-02 02:00:00,2025-11-02 04:00:00,SHORT,111461.23025263511,113107.58258841067,-1.6771,-51080.83,1,stop_loss
2025-11-02 06:00:00,2025-11-02 08:00:00,SHORT,109725.70465086083,109761.70236086231,-0.2328,-6965.51,1,signal
2025-11-02 14:00:00,2025-11-02 20:00:00,SHORT,122946.77172296295,100129.34928289556,18.3588,548074.06,3,signal
2025-11-08 02:00:00,2025-11-08 06:00:00,SHORT,106156.69531769743,103587.3608779463,2.2203,77844.98,2,signal
2025-11-08 08:00:00,2025-11-08 10:00:00,LONG,104103.28411482985,104316.87718176612,0.0052,185.23,1,signal
2025-11-08 20:00:00,2025-11-08 22:00:00,SHORT,105587.18922521769,104485.46126470536,0.8434,30196.04,1,signal
2025-11-09 02:00:00,2025-11-09 04:00:00,SHORT,105155.59698612343,109113.38133226942,-3.9637,-143316.58,1,stop_loss
2025-11-09 06:00:00,2025-11-09 10:00:00,SHORT,124093.12911958735,101863.98763898692,17.7133,615126.28,2,signal
2025-11-12 20:00:00,2025-11-13 04:00:00,SHORT,107004.32969974958,107499.34678061803,-0.6626,-26920.16,4,stop_loss
2025-11-13 06:00:00,2025-11-13 08:00:00,SHORT,107316.98140296865,107320.15519920789,-0.203,-8182.19,1,signal
2025-11-15 02:00:00,2025-11-15 04:00:00,SHORT,107679.83396934041,107308.71646237728,0.1446,5820.26,1,signal
2025-11-16 02:00:00,2025-11-16 04:00:00,LONG,106956.3142576443,106990.49033498872,-0.168,-6771.0,1,signal
2025-11-17 02:00:00,2025-11-17 06:00:00,SHORT,108163.02403469858,107758.1699503955,0.1743,7011.74,2,signal
2025-11-17 14:00:00,2025-11-17 16:00:00,SHORT,107668.75076371711,107803.24916793707,-0.3249,-13092.49,1,signal
2025-11-17 22:00:00,2025-11-18 00:00:00,LONG,107108.04167247901,107074.08727571629,-0.2317,-9307.5,1,signal
2025-11-20 16:00:00,2025-11-20 18:00:00,LONG,106249.3785921743,105700.81894844142,-0.7163,-28669.03,1,stop_loss
2025-11-20 20:00:00,2025-11-20 22:00:00,LONG,106009.59283048901,105816.70662556014,-0.382,-15205.31,1,signal
2025-11-21 00:00:00,2025-11-21 02:00:00,LONG,105795.24859652817,105740.63788751503,-0.2516,-9980.49,1,signal
2025-11-21 04:00:00,2025-11-21 06:00:00,LONG,105751.22007457144,105615.48357809489,-0.3284,-12993.07,1,signal
2025-11-22 04:00:00,2025-11-22 08:00:00,LONG,104553.66827314853,105322.13718384714,0.535,21104.02,2,signal
2025-11-23 06:00:00,2025-11-23 14:00:00,LONG,104418.11914427587,104484.0019727423,-0.1369,-5427.9,4,signal
2025-11-25 02:00:00,2025-11-25 04:00:00,SHORT,109361.18199541849,111196.70024781543,-1.8784,-74509.54,1,stop_loss
2025-11-25 06:00:00,2025-11-25 08:00:00,SHORT,109353.15175578489,111031.64040051735,-1.7349,-67467.56,1,signal
2025-11-25 10:00:00,2025-11-25 14:00:00,SHORT,114657.21154524479,112732.92804676775,1.4783,56540.18,2,signal
2025-11-28 10:00:00,2025-11-28 14:00:00,LONG,102720.50160397011,102700.19602899488,-0.2198,-8523.49,2,signal
2025-11-28 18:00:00,2025-11-28 22:00:00,LONG,102241.53419118207,102816.07113707383,0.3619,14008.24,2,signal
2025-12-01 16:00:00,2025-12-01 22:00:00,SHORT,103440.29469528313,103204.05936987816,0.0284,1102.11,3,signal
2025-12-04 00:00:00,2025-12-04 06:00:00,SHORT,103904.50896712249,103979.27895989298,-0.272,-10564.75,3,signal
2025-12-05 02:00:00,2025-12-05 10:00:00,SHORT,105300.36057780217,105625.98252395255,-0.5092,-19730.83,4,signal
2025-12-05 12:00:00,2025-12-05 14:00:00,SHORT,103440.13704305702,103978.35573394176,-0.7203,-27774.67,1,signal
2025-12-07 04:00:00,2025-12-07 08:00:00,SHORT,106853.34158492416,106964.84792960524,-0.3044,-11655.25,2,signal
2025-12-07 12:00:00,2025-12-07 16:00:00,SHORT,107970.5580776947,109019.21958858352,-1.1712,-44797.4,2,stop_loss
2025-12-07 18:00:00,2025-12-07 20:00:00,SHORT,108006.63982043059,108441.192020892,-0.6023,-22743.51,1,signal
2025-12-12 06:00:00,2025-12-12 08:00:00,LONG,107116.06771877377,107503.52683527395,0.1617,6071.35,1,signal
2025-12-12 18:00:00,2025-12-12 22:00:00,SHORT,109162.19424661108,108474.80821105452,0.4297,16156.56,2,signal
2025-12-14 06:00:00,2025-12-14 08:00:00,LONG,101837.5829087966,100368.34118961346,-1.6427,-61910.36,1,stop_loss
2025-12-14 10:00:00,2025-12-14 14:00:00,LONG,98719.35834280487,102527.3419739928,3.6574,135928.98,2,signal
2025-12-17 16:00:00,2025-12-17 18:00:00,LONG,108072.75098822473,108436.8948447421,0.1369,5266.42,1,signal
2025-12-18 02:00:00,2025-12-18 10:00:00,LONG,106468.05216649442,106205.52417305764,-0.4466,-17196.42,4,signal
2025-12-18 12:00:00,2025-12-18 14:00:00,LONG,106693.9254672094,107079.91781350141,0.1618,6203.06,1,signal
2025-12-20 22:00:00,2025-12-21 00:00:00,LONG,105642.85292231012,109574.38952117093,3.5215,135235.99,1,signal
2025-12-21 02:00:00,2025-12-21 04:00:00,SHORT,115115.83934112753,117672.85847696968,-2.4213,-96269.49,1,stop_loss
2025-12-21 06:00:00,2025-12-21 08:00:00,SHORT,115163.19541999503,118500.71652026489,-3.0981,-120345.77,1,stop_loss
2025-12-21 10:00:00,2025-12-21 12:00:00,SHORT,115967.33789668173,115502.44077141951,0.2009,7559.24,1,signal
2025-12-25 08:00:00,2025-12-25 12:00:00,LONG,104188.00982415232,104988.67559188438,0.5685,21432.48,2,signal
2025-12-27 08:00:00,2025-12-27 10:00:00,SHORT,105297.97887110345,105598.84972924451,-0.4857,-18411.64,1,signal
2025-12-27 18:00:00,2025-12-27 22:00:00,LONG,103922.51130549336,104363.45601740076,0.2243,8462.89,2,signal
2025-12-28 02:00:00,2025-12-28 10:00:00,LONG,102446.9353477674,102571.90502219168,-0.078,-2949.78,4,signal
2025-12-30 20:00:00,2025-12-30 22:00:00,LONG,101402.07229135382,101294.53327749054,-0.3061,-11563.36,1,signal
2026-01-01 04:00:00,2026-01-01 06:00:00,SHORT,102064.34461894378,101517.70049303085,0.3356,12642.43,1,signal
2026-01-01 18:00:00,2026-01-01 20:00:00,LONG,101048.14382326257,102254.01157790264,0.9934,37541.64,1,signal
2026-01-04 02:00:00,2026-01-04 04:00:00,LONG,104638.1036905984,103179.33383129827,-1.5941,-60707.7,1,stop_loss
2026-01-04 10:00:00,2026-01-04 12:00:00,LONG,99019.56159631831,96822.74921046491,-2.4186,-90871.54,1,signal
2026-01-04 14:00:00,2026-01-04 16:00:00,LONG,97682.50481418823,98571.66222193405,0.7103,26072.83,1,signal
2026-01-04 20:00:00,2026-01-04 22:00:00,LONG,99120.4109139054,99845.61989045223,0.5316,19647.95,1,signal
2026-01-07 10:00:00,2026-01-07 12:00:00,SHORT,101037.3936349926,101260.73840657277,-0.4211,-15639.37,1,signal
2026-01-07 16:00:00,2026-01-07 18:00:00,SHORT,101321.69030568736,101539.87869955585,-0.4153,-15365.59,1,signal
2026-01-08 02:00:00,2026-01-08 04:00:00,SHORT,101637.9979228688,101250.09676817186,0.1816,6693.62,1,signal
2026-01-12 06:00:00,2026-01-12 08:00:00,LONG,100349.26001927235,100327.35473971642,-0.2218,-8188.29,1,signal
2026-01-12 16:00:00,2026-01-12 18:00:00,LONG,100201.30704260818,100126.79907752514,-0.2744,-10105.94,1,signal
2026-01-12 22:00:00,2026-01-13 06:00:00,LONG,99826.62236375074,99784.55147986117,-0.2421,-8896.09,4,signal
2026-01-14 04:00:00,2026-01-14 06:00:00,LONG,99354.97503779751,99587.1717547275,0.0337,1235.4,1,signal
2026-01-17 10:00:00,2026-01-17 20:00:00,LONG,98061.84881984319,98500.24362605704,0.2471,9058.7,5,signal
2026-01-19 02:00:00,2026-01-19 04:00:00,LONG,97871.29596076248,97616.7025777675,-0.4601,-16910.78,1,signal
2026-01-19 08:00:00,2026-01-19 18:00:00,LONG,96505.9761917751,97009.68955673557,0.322,11780.64,5,signal
2026-01-20 10:00:00,2026-01-20 12:00:00,LONG,95403.70678304248,95561.70102315012,-0.0344,-1262.38,1,signal
2026-01-23 06:00:00,2026-01-23 12:00:00,LONG,93689.41839883298,93142.13760467824,-0.7841,-28728.45,3,stop_loss
2026-01-23 14:00:00,2026-01-23 16:00:00,LONG,93486.09543084494,94073.76458546722,0.4286,15609.56,1,signal
2026-01-24 22:00:00,2026-01-25 00:00:00,LONG,92167.70056169305,91811.04535315931,-0.587,-21463.34,1,signal
2026-01-25 02:00:00,2026-01-25 04:00:00,LONG,91872.80569897307,91832.70236386744,-0.2437,-8859.84,1,signal
2026-01-26 12:00:00,2026-01-26 14:00:00,LONG,90040.2048412541,91412.73868618341,1.3244,48045.91,1,signal
2026-01-30 02:00:00,2026-01-30 04:00:00,LONG,92022.10658030666,93411.84998090725,1.3102,48131.37,1,signal
2026-01-30 06:00:00,2026-01-30 08:00:00,SHORT,91977.75867030877,88139.2543365551,3.9733,147776.29,1,signal
2026-01-30 10:00:00,2026-01-30 22:00:00,LONG,87578.5268573424,90412.79070354384,3.0363,117188.01,6,signal
2026-02-03 02:00:00,2026-02-03 04:00:00,LONG,91949.3744828064,91128.96529377154,-1.0922,-43301.48,1,stop_loss
2026-02-03 10:00:00,2026-02-03 14:00:00,LONG,87343.20673683369,90753.18095393296,3.7041,145564.69,2,signal
2026-02-03 20:00:00,2026-02-03 22:00:00,SHORT,89391.20255644119,90129.79216924714,-1.0262,-41748.67,1,signal
2026-02-04 08:00:00,2026-02-04 10:00:00,SHORT,92252.27095729597,92011.51870950554,0.061,2456.21,1,signal
2026-02-04 14:00:00,2026-02-04 18:00:00,SHORT,94559.56332990671,90752.63522171287,3.826,154215.75,2,signal
2026-02-07 06:00:00,2026-02-07 12:00:00,LONG,87875.2336647514,88347.4529594092,0.3374,14093.09,3,signal
2026-02-10 02:00:00,2026-02-10 04:00:00,SHORT,85895.24412296864,84306.01055570686,1.6502,69154.4,1,signal
2026-02-10 04:00:00,2026-02-10 12:00:00,LONG,84306.01055570686,86908.49264306056,2.8869,122879.02,4,signal
2026-02-10 16:00:00,2026-02-10 18:00:00,LONG,85285.46339319913,87290.24644783755,2.1507,94051.12,1,signal
2026-02-13 10:00:00,2026-02-13 14:00:00,LONG,86988.74180886871,88693.20398658894,1.7594,78512.57,2,signal
